EnemyWeak#0,"""Ni siquiera es un corte de prueba..."""
EnemyLarge#0,"""Parece un poco fuerte..."""
EnemyBoss#0,"""Estoy emocionado......"""
EnemyRare#0,"""変なのがいる……<br>斬っていい？"""
EnemyBoost#0,"""あれは強い……<br>私も……戦いたい……"""
DestroyEnemy1#0,"""quiero cortar mas..."""
DestroyEnemy2#0,"""Se acabo..."""
DestroyEnemy3#0,"""No puedo perder en un lugar como este..."""
CondFreeze#0,"""Esta congelado..."""
CondBurn#0,"""caliente……"""
CondShock#0,"""Esta crujiendo... es..."""
CondPoison#0,"""Puede que sea doloroso..."""
CondPanic#0,"""La espada... se balancea..."""
CondStan#0,"""Ah... no puedo moverme..."""
CondMirage#0,"""Hay muchos lideres"""
Die#0,"""Mar maldita... inconsciente..."""
ThankHeal#0,"""gracias……"""
ThankBuff#0,"""¿Se ha vuelto mas agudo?"""
ThankCure#0,"""Gracias..."""
DefeatEnemy#0,"""Parece que lo corte todo"""
LevelUp#0,"""Ser fuerte es algo bueno..."""
InvokeSkill1#0,"""¡Ja!"""
InvokeSkill2#0,"""Cortelo... ¡tirelo a la basura!"""
InvokeSkill3#0,"""Siguiente...barra"""
PBFull#0,"""¡Se esta perfeccionando...!"""
PBRelease#0,"""Este es mi poder..."""
Avoid#0,"""yo di por vencido"""
HealSelf#0,"""Tratamiento..."""
BuffSelf#0,"""¡Estafador!"""
HealOther#0,"""te curare..."""
BuffOther#0,"""Aun por venir..."""
QuestStart1#0,"""hare lo mejor que pueda"""
QuestEnd1#0,"""終わり。<br>私を、上手く使えた？"""
IncidentStart#0,"""戦況が変わった……<br>切り抜けられる？"""
IncidentSuccess#0,"""Como se esperaba"""
IncidentFailure#0,"""Usame mejor..."""
PSE#0,"""Parece PSE"""
PSELevelUp#0,"""Mas PSE..."""
PSEBurst#0,"""バーストした。<br>すごい……"""
HP30#0,"""Puede que sea una lucha..."""
HP10#0,"""Voy un mameluco..."""
ItemRare#0,"""¿Eso es... equipo fuerte?"""
DamageSmall#0,"""¡Puaj!"""
DamageMiddle#0,"""No..."""
DamageLarge#0,"""¡Ah...!"""
Trap#0,"""Atrap..."""
ThankTrapRescue#0,"""gracias"""
TrapRescueOther#0,"""外した。<br>これで、動ける？"""
MemberDamaged#0,"""¿Ningun duelo?"""
MemberDead#0,"""No lo permitire..."""
AbilityExe#0,"""武器と使い手……<br>心ひとつに……！"""
AbilitySpecial#0,"""これが……<br>あなたの振るう、私の力！"""
Resurrect#0,"""Esta vez lo hare bien..."""
PartyJoin#0,"""/ci2 1 seguir"""
Marvelous#0,"""Oh..."""
IncidentJsApcBegin#0,"""/ci2 1 来た……<br>指示を出して。私を使って"""
IncidentJsApcFailure#0,"""だめだった……<br>次はもっと、ちゃんとお願い"""
IncidentJsApcSuccess#0,"""/ci2 1 いい戦いだった……<br>私、満足"""
IncidentJsApcBeginEvo#0,"""/ci2 2 戦闘続行……<br>采配に……期待……"""
EnemyWeak#1,"""te pateare"""
EnemyLarge#1,"""¡Tendre que tener cuidado!"""
EnemyBoss#1,"""相手に不足なし。<br>我が正義を貫くのみだ！"""
EnemyRare#1,"""...Es un enemigo que no veo."""
EnemyBoost#1,"""¡Es un enemigo peligroso! \u3000¡Ten cuidado!"""
DestroyEnemy1#1,"""¿Es este el alcance?"""
DestroyEnemy2#1,"""este es el lugar"""
DestroyEnemy3#1,"""esta es la paga del pecado"""
CondFreeze#1,"""しまった！<br>凍って動けん……！"""
CondBurn#1,"""¡Maldita sea, hay fuego...!"""
CondShock#1,"""痺れる……！<br>俺の雷が負けるとは……！"""
CondPoison#1,"""毒か……<br>こんなもの、気合いでなんとか……"""
CondPanic#1,"""き……気にするな、大丈夫だ。<br>ところで右はどっちだ？"""
CondStan#1,"""くっ……<br>止められたか……"""
CondMirage#1,"""幻か……？<br>狙いが定まらん……"""
Die#1,"""El poder no me alcanzo..."""
ThankHeal#1,"""¡Lo siento, fui salvo!"""
ThankBuff#1,"""¡Lleno de poder!"""
ThankCure#1,"""¡Ahora estas a salvo!"""
DefeatEnemy#1,"""Parece que has eliminado al enemigo."""
LevelUp#1,"""Parece que volvio a levantar el brazo."""
InvokeSkill1#1,"""¡Mar maldita!"""
InvokeSkill2#1,"""¡Rompelo!"""
InvokeSkill3#1,"""¡Poder de juicio!"""
PBFull#1,"""¡Estoy lleno de poder!"""
PBRelease#1,"""¡Luz, reunete conmigo!"""
Avoid#1,"""eso es dulce"""
HealSelf#1,"""¡Luz curativa!"""
BuffSelf#1,"""¡El poder del rayo!"""
HealOther#1,"""¡Ayuda ahora!"""
BuffOther#1,"""¡Te apoyo!"""
QuestStart1#1,"""我が剣を稲妻と為し<br>悪しき者を討ち滅ぼさん！"""
QuestEnd1#1,"""任務完了。<br>俺たちの戦いは、また一歩前進した"""
IncidentStart#1,"""想定外の出来事も、任務には付きものか。<br>臨機応変に対応しよう"""
IncidentSuccess#1,"""上々の成果だな。<br>よし、任務に戻ろう"""
IncidentFailure#1,"""失敗か……<br>仕方ない、ここからの戦いで挽回しよう"""
PSE#1,"""¿PSE?"""
PSELevelUp#1,"""Las cosas van bien. ¿Puedes estallar asi?"""
PSEBurst#1,"""ＰＳＥバーストだ！<br>一気に行くぞ！"""
HP30#1,"""Es bastante duro..."""
HP10#1,"""¡No puedo darme el lujo de perder...!"""
ItemRare#1,"""Parece que tienes un buen botin."""
DamageSmall#1,"""¡Mar maldita!"""
DamageMiddle#1,"""¡Mar maldita!"""
DamageLarge#1,"""¡Argh!"""
Trap#1,"""不覚……！<br>こんなものに捕まるとは！"""
ThankTrapRescue#1,"""感謝する。<br>まったく、俺としたことが……"""
TrapRescueOther#1,"""ケガは無いか？<br>……よし、先を急ぐぞ"""
MemberDamaged#1,"""大丈夫か！？<br>危ない状態なら下がってくれ！"""
MemberDead#1,"""劣勢か……<br>俺が、踏みとどまらねば！"""
AbilityExe#1,"""¡Este trueno es mi voluntad...!"""
AbilitySpecial#1,"""¡Ahora es el momento de la condena!"""
Resurrect#1,"""¡No puedo darme el lujo de perder...!"""
PartyJoin#1,"""/ci2 1 Espada Rayo, recomendado"""
Marvelous#1,"""¡Buen movimiento!"""
IncidentJsApcBegin#1,"""/ci2 1 Lo siento, ¡necesito refuerzos!"""
IncidentJsApcFailure#1,"""厳しいか……！<br>離脱するぞ！"""
IncidentJsApcSuccess#1,"""/ci2 1 助かったよ。<br>この先も気をつけてくれ。<br>武運を！"""
IncidentJsApcBeginEvo#1,"""/ci2 2 敵の増援か？<br>仕方ない、薙ぎ払うぞ！"""
EnemyWeak#2,"""Vaya, que momento tan dificil para Zako."""
EnemyLarge#2,"""うわ、こいつの相手すんの？<br>ダルいな……"""
EnemyBoss#2,"""うげーっ……<br>やべえぞ、こいつ……<br>後ろで見てていいか？\u3000ダメ？"""
EnemyRare#2,"""レアなやつ発見……<br>潰しとくか？"""
EnemyBoost#2,"""あれって普通より強いやつじゃん……<br>アンラッキーすぎんだろ……"""
DestroyEnemy1#2,"""Ke!"""
DestroyEnemy2#2,"""soy debil"""
DestroyEnemy3#2,"""Puaj..."""
CondFreeze#2,"""ひいっ！<br>寒っ！\u3000冷たっ！"""
CondBurn#2,"""うおっ！？\u3000燃えてるぞ！<br>消してくれ！"""
CondShock#2,"""Abyaba baba baba..."""
CondPoison#2,"""毒にやられちまった。<br>クソみてぇな気分だ……"""
CondPanic#2,"""あー……<br>気持ちいいような<br>気持ち悪いような……"""
CondStan#2,"""Mi cuerpo...no se mueve..."""
CondMirage#2,"""なんか七色のリリーパ族が<br>空を飛んでるぞ？"""
Die#2,"""Mierda... soy como..."""
ThankHeal#2,"""Ah, gracias..."""
ThankBuff#2,"""余計なお世話だ！<br>だが……ありがとよ……"""
ThankCure#2,"""Oh, estoy agradecido..."""
DefeatEnemy#2,"""もうこの辺、エネミーいないし……<br>帰っても……いいだろ？"""
LevelUp#2,"""Asi es. ¿Quieres que te felicite?"""
InvokeSkill1#2,"""Que opinas..."""
InvokeSkill2#2,"""¡Dejame escapar!"""
InvokeSkill3#2,"""¡Ahi esta! \u3000¡Ahi!"""
PBFull#2,"""Aclaremos esto..."""
PBRelease#2,"""Ah, Darry... solo hazlo."""
Avoid#2,"""Abune!"""
HealSelf#2,"""Pense que iba a morir..."""
BuffSelf#2,"""liebre..."""
HealOther#2,"""チッ……<br>しょうがねぇな……"""
BuffOther#2,"""Estar agradecido"""
QuestStart1#2,"""No lo terminare rapido..."""
QuestEnd1#2,"""やっと終わりかよ……<br>早く帰ろうぜ"""
IncidentStart#2,"""El problema ha aumentado..."""
IncidentSuccess#2,"""Mmmm... ¿te fue bien?"""
IncidentFailure#2,"""Es una perdida de tiempo..."""
PSE#2,"""PSE oye..."""
PSELevelUp#2,"""ＰＳＥレベルアップな。<br>まあ……あんまり期待しないでおくよ"""
PSEBurst#2,"""ＰＳＥバースト？<br>マジかよ……<br>今のうちに稼ごうぜ"""
HP30#2,"""¡Ay no, oye!"""
HP10#2,"""Oye... ayudame rapido..."""
ItemRare#2,"""なんでお前だけ……<br>日頃の行いってやつかよ？"""
DamageSmall#2,"""¡Daa!"""
DamageMiddle#2,"""¡Gyaa!"""
DamageLarge#2,"""mar maldita……!"""
Trap#2,"""あぁ！？\u3000なんだこれ……<br>罠かよ、クソッ……"""
ThankTrapRescue#2,"""ひとりでも出られたっての……<br>でも、ま……た……助かったよ……"""
TrapRescueOther#2,"""ふん……見捨ててもよかったんだぜ。<br>感謝しとけよ……"""
MemberDamaged#2,"""おい……<br>もっとしっかりしろよ……"""
MemberDead#2,"""クソ！<br>この状況でどうしろってんだよ……"""
AbilityExe#2,"""フヒ……フヒヒヒヒ！<br>なんか妙に気分がいいぜ……"""
AbilitySpecial#2,"""俺に勝てるとでも思ったのかよ？<br>残念だったなぁ！！"""
Resurrect#2,"""見てろよ……<br>１００倍にしてやり返してやる！"""
PartyJoin#2,"""/ci2 1 ¿Esta bien para mi...?"""
Marvelous#2,"""Lo estas haciendo bien, de verdad..."""
IncidentJsApcBegin#2,"""/ci2 1 ……おい、ちょっと手ぇ貸せ。<br>俺、今ヤベェんだよ！<br>見殺しにすんなって！"""
IncidentJsApcFailure#2,"""ま……逃げる余裕くらいはできたか。<br>ずらかるぞ……"""
IncidentJsApcSuccess#2,"""/ci2 1 うぐっ……わ、わかったよ。<br>ちゃんと言うよ。<br>……あ、あ、ああありがとな"""
IncidentJsApcBeginEvo#2,"""/ci2 2 やめてくれよ……<br>まだ来るのかよ……"""
EnemyWeak#3,"""あまり強くないエネミーのようです。<br>消し炭にします"""
EnemyLarge#3,"""大型のエネミーですね。<br>ですがご安心を。<br>迅速に吹き飛ばします"""
EnemyBoss#3,"""強敵です！\u3000ご指示を！<br>辺り一面を焼け野原にしようと<br>この私が仕留めてご覧に入れます！"""
EnemyRare#3,"""珍しいエネミーです。<br>ひとまず粉々に爆破しましょうか"""
EnemyBoost#3,"""強化されたエネミーでしょうか？<br>ご命令とあらば、焼き払います"""
DestroyEnemy1#3,"""lo derrote"""
DestroyEnemy2#3,"""Fue una estrategia perfecta."""
DestroyEnemy3#3,"""Es un logro orgulloso"""
CondFreeze#3,"""凍ってしまいました……<br>こんな氷、大砲さえ撃てれば……！"""
CondBurn#3,"""なんだか熱いです。<br>大砲のオーバーヒートでしょうか？"""
CondShock#3,"""Me senti entumecido y entumecido."""
CondPoison#3,"""Parece que fue envenenado..."""
CondPanic#3,"""目が回っておりますので<br>ひとまず適当に発射いたします"""
CondStan#3,"""動けない！<br>作戦行動に支障が……！"""
CondMirage#3,"""狙いが定まりませんので<br>ひとまず適当に発射いたします"""
Die#3,"""lo siento mucho……"""
ThankHeal#3,"""¡Ahora todavia puedes luchar!"""
ThankBuff#3,"""Gracias por tu apoyo"""
ThankCure#3,"""コンディション回復。<br>これなら作戦行動には問題ありません"""
DefeatEnemy#3,"""掃討完了。<br>もはや周囲に敵は存在しません"""
LevelUp#3,"""¡Felicidades!"""
InvokeSkill1#3,"""lo liebre volar"""
InvokeSkill2#3,"""cortando el cesped"""
InvokeSkill3#3,"""¡Mas potencia de fuego!"""
PBFull#3,"""El proximo golpe lo destruira todo."""
PBRelease#3,"""Llenado de energia...liberacion"""
Avoid#3,"""¡Transferir!"""
HealSelf#3,"""Este nivel de daйo no es un problema."""
BuffSelf#3,"""esta es la siguiente estrategia"""
HealOther#3,"""Primeros auxilios completados."""
BuffOther#3,"""Te apoyaremos"""
QuestStart1#3,"""戦いのご命令を。<br>全ての標的を破壊します"""
QuestEnd1#3,"""任務完了。<br>今日もまた、全ての命令を<br>完璧に遂行できました"""
IncidentStart#3,"""緊急事態発生ですね。<br>ですが私の火力があれば<br>心配には及びません"""
IncidentSuccess#3,"""問題無く対処できました。<br>これも的確な指揮と<br>私の火力あってこそでしょう"""
IncidentFailure#3,"""申し訳ありません……<br>火力が足りなかったようです……"""
PSE#3,"""Confirmar la aparicion de PSE"""
PSELevelUp#3,"""ＰＳＥがレベルアップしたようです。<br>この調子でバーストを狙いましょう"""
PSEBurst#3,"""ＰＳＥバーストです！<br>今こそ全力で攻勢をかけましょう！"""
HP30#3,"""Todavia puedo luchar..."""
HP10#3,"""くっ……<br>任務なかばにして倒れるわけには……"""
ItemRare#3,"""ふむふむ……それがあれば<br>さらに火力が上昇するのですか？"""
DamageSmall#3,"""mar maldito"""
DamageMiddle#3,"""¡Tanto...!"""
DamageLarge#3,"""¡Guau!"""
Trap#3,"""申し訳ありません！<br>敵の卑劣な罠に捕らえられました"""
ThankTrapRescue#3,"""¡Gracias por el rescate!"""
TrapRescueOther#3,"""ご無事でしょうか？<br>気をつけて行きましょう"""
MemberDamaged#3,"""¡Medico, medico!"""
MemberDead#3,"""くっ……<br>私の大砲にもっと火力があれば<br>こんな事には……！"""
AbilityExe#3,"""今なら、どんな敵であろうとも<br>木っ端微塵にできる気がします"""
AbilitySpecial#3,"""３、２、１……<br>ファイヤーッ！！"""
Resurrect#3,"""volvere a la primera linea"""
PartyJoin#3,"""/ci2 1 はっ。<br>シューティングドライブ、参ります"""
Marvelous#3,"""es un gran resultado"""
IncidentJsApcBegin#3,"""/ci2 1 奇遇ですね。<br>私も作戦行動中です。<br>よろしければ共闘いたしませんか？"""
IncidentJsApcFailure#3,"""撤退を進言いたします。<br>私が敵を食い止めている間に<br>お逃げください！"""
IncidentJsApcSuccess#3,"""/ci2 1 さすがです！<br>私ひとりでは<br>この戦果は無かったでしょう"""
IncidentJsApcBeginEvo#3,"""/ci2 2 敵勢力、増大！<br>さぁ！\u3000次のご指示を"""
EnemyWeak#4,"""¿Un enemigo...?"""
EnemyLarge#4,"""¡Bueno!"""
EnemyBoss#4,"""ちょっと、怖いの……<br>くっついてて、いい？"""
EnemyRare#4,"""es una energia extraйa"""
EnemyBoost#4,"""¿Un enemigo fuerte...?"""
DestroyEnemy1#4,"""lo venci"""
DestroyEnemy2#4,"""No me molestes..."""
DestroyEnemy3#4,"""Usa mi energia"""
CondFreeze#4,"""Hace frio..."""
CondBurn#4,"""Esta ardiendo..."""
CondShock#4,"""Me senti entumecido..."""
CondPoison#4,"""No me gusta el veneno..."""
CondPanic#4,"""Siento que me estoy perdiendo..."""
CondStan#4,"""¿Energia...se acaba...?"""
CondMirage#4,"""遠くが近くで……<br>近くが遠く……"""
Die#4,"""Lo siento... pero..."""
ThankHeal#4,"""Muchas gracias"""
ThankBuff#4,"""Mi fuerza viene..."""
ThankCure#4,"""¡Me siento mejor!"""
DefeatEnemy#4,"""邪魔ものは、いなくなったの。<br>これでゆっくり歩けるの"""
LevelUp#4,"""Siento el poder..."""
InvokeSkill1#4,"""Ahi tienes"""
InvokeSkill2#4,"""¡Que pasa! \u3000"""
InvokeSkill3#4,"""Energia... ¡liberacion!"""
PBFull#4,"""Ahora... ¡puedes hacerlo!"""
PBRelease#4,"""¡El poder... se desborda...!"""
Avoid#4,"""guau guau"""
HealSelf#4,"""Lleno de energia..."""
BuffSelf#4,"""¡Hare lo mejor que pueda!"""
HealOther#4,"""¿Estas bien?"""
BuffOther#4,"""Buena suerte..."""
QuestStart1#4,"""Voy. juntos……"""
QuestEnd1#4,"""Eh... ¿esta terminado?"""
IncidentStart#4,"""なになに？<br>どうしたの？"""
IncidentSuccess#4,"""がんばった？<br>えへへ……"""
IncidentFailure#4,"""Que triste..."""
PSE#4,"""¡Guau! \u3000PSE!"""
PSELevelUp#4,"""Parece que el PSE se ha fortalecido."""
PSEBurst#4,"""やったあ！<br>バーストしたの！"""
HP30#4,"""No tengo suficiente energia..."""
HP10#4,"""お願い……<br>くっついてて……"""
ItemRare#4,"""¿Es algo raro?"""
DamageSmall#4,"""Yo quiero..."""
DamageMiddle#4,"""quiero que pares..."""
DamageLarge#4,"""¡Guau!"""
Trap#4,"""あれ……？<br>動けないの……"""
ThankTrapRescue#4,"""ほっ……<br>助かったの"""
TrapRescueOther#4,"""とれた？<br>よかったの！"""
MemberDamaged#4,"""¿Estas bien?"""
MemberDead#4,"""Que tengo que hacer..."""
AbilityExe#4,"""Energia...Llenado completado..."""
AbilitySpecial#4,"""見てて……<br>私の……全力！"""
Resurrect#4,"""Todavia lo estoy intentando..."""
PartyJoin#4,"""/ci2 1 Espero poder encontrar algunas piedras interesantes..."""
Marvelous#4,"""Puedo confiar en ello..."""
IncidentJsApcBegin#4,"""/ci2 1 助けてほしいの……<br>迷子なの"""
IncidentJsApcFailure#4,"""あっちの方に<br>いい石が落ちてるかも。<br>行ってみるの……"""
IncidentJsApcSuccess#4,"""/ci2 1 ありがとうなの。<br>わたし、また石を探しに行くの"""
IncidentJsApcBeginEvo#4,"""/ci2 2 あれ……？<br>増えてる気がするの"""
EnemyWeak#5,"""Puedo permitirmelo ☆"""
EnemyLarge#5,"""Es Hechara ☆"""
EnemyBoss#5,"""大きければいいってもんじゃ<br>ありませんよ！"""
EnemyRare#5,"""あれって、めずらしい子ですよね！<br>へへ、もらっちゃいましょう☆"""
EnemyBoost#5,"""……ちょっと厄介そうですね。<br>気を引き締めていきましょう！"""
DestroyEnemy1#5,"""Ehen☆"""
DestroyEnemy2#5,"""lo hice ☆"""
DestroyEnemy3#5,"""Es magia misteriosa ☆"""
CondFreeze#5,"""¡Oye, esta lleno! \u3000"""
CondBurn#5,"""¡Acchichi!"""
CondShock#5,"""Jaja, estoy entumecido..."""
CondPoison#5,"""Uf, se siente tan mal..."""
CondPanic#5,"""ハロウィンの魔女マジカル★シエラが<br>ほうきの妖精マロウィンと共に大活躍！<br>あなたのハートにジャストアタック☆"""
CondStan#5,"""¡Oh, no puedo moverme!"""
CondMirage#5,"""¡Vaya, no puedo verlo!"""
Die#5,"""Hay tantas cosas que quiero hacer..."""
ThankHeal#5,"""Gracias ☆"""
ThankBuff#5,"""Hola☆"""
ThankCure#5,"""¡Gracias por su ayuda!"""
DefeatEnemy#5,"""次は何が待ってるんでしょう？<br>楽しみですね☆"""
LevelUp#5,"""¡Elevar a mismo nivel! ¿Bien?"""
InvokeSkill1#5,"""Por favor pruebalo ☆"""
InvokeSkill2#5,"""yo voy ☆"""
InvokeSkill3#5,"""Adios ☆"""
TechFire#0,"""Hotahoka☆¡Fuego!"""
TechIce#0,"""Marque ☆ ¡Helado!"""
TechThunder#0,"""Bilibili☆¡Trueno!"""
TechWind#0,"""Fluffy☆¡Viento!"""
TechLight#0,"""¡Iluminacion brillante ☆!"""
TechDark#0,"""Moyamoya☆¡Oscuridad!"""
PBFull#5,"""マジカル★シエラのふしぎな魔法で<br>とっておきの、召喚しちゃいます☆"""
PBRelease#5,"""¡Lo guardare y me ire!"""
Avoid#5,"""Es un desperdicio ☆"""
HealSelf#5,"""¡Magico ☆ Curacion!"""
BuffSelf#5,"""Magico ☆ ¡Enciende!"""
HealOther#5,"""¡Magico ☆ Curacion!"""
BuffOther#5,"""Magico ☆ ¡Enciende!"""
QuestStart1#5,"""行きましょう！<br>私もがんばりますよっ！"""
QuestEnd1#5,"""お疲れさまでした！<br>また連れてってくださいね☆"""
IncidentStart#5,"""何かが起こる予感がします……<br>注意してください！"""
IncidentSuccess#5,"""バッチリです！<br>お疲れさまでした☆"""
IncidentFailure#5,"""L-lo siento..."""
PSE#5,"""Ah, es PSE☆"""
PSELevelUp#5,"""¡PSE, enciendelo!"""
PSEBurst#5,"""きましたよ！<br>ＰＳＥバースト☆"""
HP30#5,"""痛いです痛いです！<br>マジカル★シエラ、大ピンチです！"""
HP10#5,"""Ah, puedo ver las estrellas...☆"""
ItemRare#5,"""いいもの、手に入れましたね！<br>おめでとうございます☆"""
DamageSmall#5,"""¡Alli estaba!"""
DamageMiddle#5,"""¡Mmmya!"""
DamageLarge#5,"""¡Hurra!"""
Trap#5,"""ひゃあ！\u3000わ、罠！？<br>恥ずかしいです……"""
ThankTrapRescue#5,"""……ふぅ、助かりました！<br>ありがとうございます☆"""
TrapRescueOther#5,"""¿DE ACUERDO?"""
MemberDamaged#5,"""No te fuerces..."""
MemberDead#5,"""そんな……<br>一緒に未来を守ろうって<br>約束したじゃないですか……"""
AbilityExe#5,"""なんだか調子が出てきました！<br>じゃんじゃん行きますよーっと☆"""
AbilitySpecial#5,"""なんでもできちゃいそうです！<br>マジカル★シエラにおまかせあれ☆"""
Resurrect#5,"""不肖シエラ！<br>まだまだ頑張りますよ！"""
PartyJoin#5,"""/ci2 2 ¡Dejame las batallas a mi!"""
Marvelous#5,"""¡Yo tampoco puedo perder!"""
IncidentJsApcBegin#5,"""/ci2 2 マジカル★シエラが、ぽわっと参上！<br>いけない子たちに、とっておきの<br>ふしぎな魔法をかけちゃいます☆"""
IncidentJsApcFailure#5,"""/ci4 2 そ、そんな……<br>ふしぎな魔法が通じないなんて……"""
IncidentJsApcSuccess#5,"""/ci2 2 やりました！\u3000これからも<br>マジカル★シエラのふしぎな魔法が<br>愛と希望をばらまきます☆"""
IncidentJsApcBeginEvo#5,"""/ci3 2 おやおや、ほしがりさんですね☆<br>マジカル★シエラのふしぎな魔法……<br>アンコールといきましょう！"""
EnemyWeak#6,"""Creo que yo tambien puedo ganar."""
EnemyLarge#6,"""abuela nya"""
EnemyBoss#6,"""Nya... Se ve fuerte nya"""
EnemyRare#6,"""Nya, ¿subespecies o especies raras nya?"""
EnemyBoost#6,"""Nya, estoy tan emocionada..."""
DestroyEnemy1#6,"""¡Hurra! ¡Nya!"""
DestroyEnemy2#6,"""¡Gane!"""
DestroyEnemy3#6,"""¡Es el poder de Palico!"""
CondFreeze#6,"""Parece un muйeco de nieve..."""
CondBurn#6,"""¡Hace demasiado calor!"""
CondShock#6,"""Nyaa esta hormigueando"""
CondPoison#6,"""Me siento mareado"""
CondPanic#6,"""Dar vueltas en circulos"""
CondStan#6,"""¡No puedo moverme, pero por favor no me dejes atras!"""
CondMirage#6,"""¿Donde esta tu marido nya...?"""
Die#6,"""Adios, te extraйo nya..."""
ThankHeal#6,"""¡Gracias nya!"""
ThankBuff#6,"""¡Estoy tan feliz!"""
ThankCure#6,"""¡Me siento mejor!"""
DefeatEnemy#6,"""¿Se acabo la caza?"""
LevelUp#6,"""¿Subio tu rango de cazador?"""
InvokeSkill1#6,"""¡Decidir!"""
InvokeSkill2#6,"""¡Dejamelo a mi!"""
InvokeSkill3#6,"""¡Te derrotare!"""
PBFull#6,"""¡Esto es perfecto, decidamos!"""
PBRelease#6,"""¡Dejanoslo a nosotros!"""
Avoid#6,"""¡Maullido!"""
HealSelf#6,"""¡Que te mejores nya!"""
BuffSelf#6,"""hare lo mejor que pueda"""
HealOther#6,"""La paciencia no es buena"""
BuffOther#6,"""No hay yeguas irrazonables nya"""
QuestStart1#6,"""¡Empieza la caza!"""
QuestEnd1#6,"""¡Si, la caza fue un exito!"""
IncidentStart#6,"""No, parece que algo va a pasar..."""
IncidentSuccess#6,"""¡Exitoso nya!"""
IncidentFailure#6,"""Nyaa... lo siento nya..."""
PSE#6,"""¿Nyaa? \u3000¿Algo esta por comenzar?"""
PSELevelUp#6,"""¿Miau nya? \u3000 ¿Debo continuar?"""
PSEBurst#6,"""Genial nya! \u3000¡Sorpresa nya!"""
HP30#6,"""¡Todavia esta bien!"""
HP10#6,"""Parece que voy a pasar una buena noche..."""
ItemRare#6,"""¿Conseguistes algo bueno?"""
DamageSmall#6,"""Nya..."""
DamageMiddle#6,"""duelo miau"""
DamageLarge#6,"""¡No te pierdas...!"""
Trap#6,"""¡Sere cazado!"""
ThankTrapRescue#6,"""Lamento haber caido en tu trampa..."""
TrapRescueOther#6,"""¡Consejos de Palico!"""
MemberDamaged#6,"""Ten cuidado nya"""
MemberDead#6,"""¡Adios, no nyaa...!"""
AbilityExe#6,"""¡Es un espiritu cazador nya!"""
AbilitySpecial#6,"""¡Cazador de Palico Nya!"""
Resurrect#6,"""Palico estara contigo hasta el final."""
PartyJoin#6,"""/ci2 2 Nya, mi marido."""
Marvelous#6,"""¡Como se esperaba de mi marido!"""
IncidentJsApcBegin#6,"""/ci2 2 旦那さんニャ！<br>お願いニャ、助けてほしいのニャ！"""
IncidentJsApcFailure#6,"""/ci4 2 ごめんなさいニャ……<br>ボク、オトモとして失格ニャ"""
IncidentJsApcSuccess#6,"""/ci2 2 旦那さんのおかげニャ！<br>大成功だニャ！"""
IncidentJsApcBeginEvo#6,"""/ci3 2 ニャニャ……？<br>まだなにか起きそうなのニャ"""
EnemyWeak#7,"""¡Vamos!"""
EnemyLarge#7,"""¡Esta cosa es simplemente grande...!"""
EnemyBoss#7,"""¡Porque no perdere!"""
EnemyRare#7,"""¡Oye, ese es raro!"""
EnemyBoost#7,"""ブーストされてたって<br>あたしが祓ってみせる！"""
DestroyEnemy1#7,"""¡Del mes proximo!"""
DestroyEnemy2#7,"""¡No puedo parar en este nivel!"""
DestroyEnemy3#7,"""¡Gracias Amamuragumo!"""
CondFreeze#7,"""¡Hace frio! \u3000Oye, ¿que es esto?"""
CondBurn#7,"""¡Tambien esta ardiendo! ? \u3000 ¡Extincion de incendios!"""
CondShock#7,"""¡Estoy entumecido...!"""
CondPoison#7,"""¿Que, veneno...? \u3000Es asqueroso..."""
CondPanic#7,"""あはっはっはー！<br>あっちがこっちでそっちがどっち？"""
CondStan#7,"""¡O mi cuerpo no se mueve...!"""
CondMirage#7,"""¡Mis ojos... estan parpadeando...!"""
Die#7,"""Cometi un error... ¡Lo siento a todos...!"""
ThankHeal#7,"""¡Gracias!"""
ThankBuff#7,"""¡Bien hecho! \u3000¡Eso fue util!"""
ThankCure#7,"""¡Uf, ahora esta bien!"""
DefeatEnemy#7,"""Bueno, ¡sigamos adelante!"""
LevelUp#7,"""¡No puedo darme el lujo de perder!"""
InvokeSkill1#7,"""¡Deshazte de tus dudas!"""
InvokeSkill2#7,"""¡Si somos Amamuragumo y yo!"""
InvokeSkill3#7,"""¡Un destello!"""
PBFull#7,"""¡No me engaйare mas!"""
PBRelease#7,"""¡Esta es mi... eleccion!"""
Avoid#7,"""¡Ja!"""
HealSelf#7,"""Necesito recuperarme adecuadamente."""
BuffSelf#7,"""¡Sin atajos!"""
HealOther#7,"""¿Estas bien? \u3000¡Se recuperara!"""
BuffOther#7,"""¡Aceptemos el desafio en perfectas condiciones!"""
QuestStart1#7,"""¿Nos vamos, Amamuragumo?"""
QuestEnd1#7,"""¡trabajo bueno!"""
IncidentStart#7,"""¡Algo... viene!"""
IncidentSuccess#7,"""Muy bien, ¡voila, voila!"""
IncidentFailure#7,"""ま、気を落とさないで！<br>次行くよ！\u3000次！"""
PSE#7,"""Esto es PSE..."""
PSELevelUp#7,"""Parece que el PSE se ha fortalecido."""
PSEBurst#7,"""すっごく綺麗……！<br>聖夜のベルが聞こえてきそう！"""
HP30#7,"""¡No se rompera a este nivel!"""
HP10#7,"""¡No me rendire todavia!"""
ItemRare#7,"""¡Es un regalo de Navidad!"""
DamageSmall#7,"""¡Mar maldita!"""
DamageMiddle#7,"""¡Desde aqui! !"""
DamageLarge#7,"""¡No es malo…!"""
Trap#7,"""¡Oye, es una trampa! ?"""
ThankTrapRescue#7,"""¡Gracias por su ayuda!"""
TrapRescueOther#7,"""罠とか古典的ッ……！<br>すぐに助けるから！"""
MemberDamaged#7,"""¿Estas bien?"""
MemberDead#7,"""¡Nunca te perdonare...!"""
AbilityExe#7,"""¡El poder esta llegando!"""
AbilitySpecial#7,"""¡Siento que ahora puedo hacer un trabajo increible!"""
Resurrect#7,"""...¡No puedo tomarme un descanso!"""
PartyJoin#7,"""/ci2 1 Esta bien, hagamos lo mejor que podamos."""
Marvelous#7,"""¡Lo mismo de siempre!"""
IncidentJsApcBegin#7,"""/ci2 1 あ、いいところに！<br>メリークリスマース……って<br>先にこいつら片付けなきゃ！"""
IncidentJsApcFailure#7,"""いろいろごめんね……！<br>トナカイは一旦撤退させてもらう！"""
IncidentJsApcSuccess#7,"""/ci2 1 手伝ってくれて、ありがとう！<br>クリスマス、楽しんでね！"""
IncidentJsApcBeginEvo#7,"""/ci5 1 ……どうやら聖夜のサプライズは<br>まだまだ続くみたい！"""
EnemyWeak#8,"""¡Hagamoslo rapido!"""
EnemyLarge#8,"""うう……<br>おっきいよー！"""
EnemyBoss#8,"""¡Vaya, te ves fuerte...!"""
EnemyRare#8,"""わ、あれ見てください！<br>珍しいやつ！"""
EnemyBoost#8,"""あれれ？<br>やばそうな空気が……"""
DestroyEnemy1#8,"""¿Funciono?"""
DestroyEnemy2#8,"""¡Hurra! \u3000 ¡Si!"""
DestroyEnemy3#8,"""¡Uf, de alguna manera!"""
CondFreeze#8,"""コオリが凍ってる……<br>ってそうじゃなくて、じゃなくて！"""
CondBurn#8,"""コオリが燃焼って……<br>いやいやいやいや、助けてくださーい！"""
CondShock#8,"""かかかかからだだだだががががが<br>しびびびびれるうううう……！"""
CondPoison#8,"""うう……毒って痛いとかどうこうより<br>まず、気持ち悪い……！"""
CondPanic#8,"""なんだかとっても<br>ぐるぐるでふわふわー"""
CondStan#8,"""か、身体が動かない……？<br>はっ！\u3000これとってもマズい状況！"""
CondMirage#8,"""わぁ、アルくんがたくさん見える……！<br>まるで夢のよう……だけどこれって<br>正常じゃないってことだよね！"""
Die#8,"""Aww... me han derrotado..."""
ThankHeal#8,"""Jeje, gracias!"""
ThankBuff#8,"""¡Guau, me siento tan empoderada!"""
ThankCure#8,"""ふふん！<br>気分すっきり！\u3000元気たっぷり！"""
DefeatEnemy#8,"""¡He limpiado el desorden!"""
LevelUp#8,"""¿Aun te estas volviendo mas fuerte?"""
InvokeSkill1#8,"""¡De inmediato!"""
InvokeSkill2#8,"""¡Guau!"""
InvokeSkill3#8,"""¡Me voy a volver loco!"""
TechIce#1,"""¡Congelar!"""
PBFull#8,"""よーっし、奥の手的なもの<br>使っちゃうよ－！"""
PBRelease#8,"""¡Oye, se asi!"""
Avoid#8,"""¡Si!"""
HealSelf#8,"""¡Aprovecha esta oportunidad para recuperarte rapidamente!"""
BuffSelf#8,"""¡Te recibiremos en perfectas condiciones!"""
HealOther#8,"""¡Encontre un apreton de manos y me recupere!"""
BuffOther#8,"""¡Tambien hay algo como esto!"""
QuestStart1#8,"""足引っ張らない足引っ張らない<br>足引っ張らない……よし！"""
QuestEnd1#8,"""おーわりっと！<br>ガンバりましたね！"""
IncidentStart#8,"""この雰囲気……<br>何か起きちゃう感じです？"""
IncidentSuccess#8,"""Bien. ¡Es un exito!"""
IncidentFailure#8,"""あれ、ダメでしたかぁ……<br>気持ちを切り替えて行きましょう！"""
PSE#8,"""Oh, ¿esa sensacion de zumbido...?"""
PSELevelUp#8,"""Estoy zumbando..."""
PSEBurst#8,"""キラキラしてて……綺麗！\u3000<br>クリスマスって感じで素敵かもー！"""
HP30#8,"""Uf, puede que este en apuros..."""
HP10#8,"""¡Oye, esto es demasiado!"""
ItemRare#8,"""ヒツギちゃんからのプレゼントかな？<br>うふふふ……"""
DamageSmall#8,"""¡Yo quiero!"""
DamageMiddle#8,"""¡No!"""
DamageLarge#8,"""¡Demasiado!"""
Trap#8,"""あれ……もしかしてわたし<br>罠にかかっちゃったり……？"""
ThankTrapRescue#8,"""E-eso fue util..."""
TrapRescueOther#8,"""¿Estas bien? ¡Te ayudare ahora!"""
MemberDamaged#8,"""¡Vaya, ten cuidado!"""
MemberDead#8,"""やれやれ……<br>グラムの怒り、じっくり味わってね……"""
AbilityExe#8,"""Ufufu, ¿estoy bien?"""
AbilitySpecial#8,"""今ならバッサバッサーって<br>なんでも片付けられそう！"""
Resurrect#8,"""……もうちょっと、<br>がんばってみようかな－、<br>なんて。"""
PartyJoin#8,"""/ci2 1 Gracias"""
Marvelous#8,"""Vaya...eso es increible..."""
IncidentJsApcBegin#8,"""/ci2 1 クリスマスモードのヒツギちゃんを<br>探してたら、囲まれちゃって……！<br>手伝ってくださいー！"""
IncidentJsApcFailure#8,"""力不足でごめんなさい……<br>この後も無理しないでくださいね！"""
IncidentJsApcSuccess#8,"""/ci2 1 仮装で恥ずかしがってる<br>ヒツギちゃん、絶対見つけなきゃ……<br>ありがとうございました！"""
IncidentJsApcBeginEvo#8,"""/ci1 1 これで終わり！<br>ってわけじゃ、なさそうですね……<br>やっちゃいますか！"""
EnemyWeak#9,"""¡Con tanta energia!"""
EnemyLarge#9,"""¡Es grande...!"""
EnemyBoss#9,"""¡Parece un oponente duro!"""
EnemyRare#9,"""あれ、何かしら？<br>珍しいエネミーみたいだけど"""
EnemyBoost#9,"""Se siente muy...peligroso."""
DestroyEnemy1#9,"""¡Lo primero!"""
DestroyEnemy2#9,"""adios"""
DestroyEnemy3#9,"""¡Porque te interpondras en el camino!"""
CondFreeze#9,"""¡Estado congelado...!"""
CondBurn#9,"""¡Uf, esto… esta en estado de combustion…!"""
CondShock#9,"""¡O mi cuerpo esta entumecido...!"""
CondPoison#9,"""Es asqueroso... ¿es esto veneno...?"""
CondPanic#9,"""¿Que, que esta pasando?"""
CondStan#9,"""¡No puedo mover mi cuerpo libremente...!"""
CondMirage#9,"""¿Alucinacion? \u3000¡Mi vision es extraйa...!"""
Die#9,"""No podria evitarlo si colapsara..."""
ThankHeal#9,"""¡gracias!"""
ThankBuff#9,"""¡Eso ayuda!"""
ThankCure#9,"""¡Lo siento!"""
DefeatEnemy#9,"""Bueno, ¡vamos!"""
LevelUp#9,"""Porque cuento contigo"""
InvokeSkill1#9,"""¡Comelo!"""
InvokeSkill2#9,"""¡Tan dulce!"""
InvokeSkill3#9,"""¡Dejamelo a mi!"""
TechFire#1,"""¡Quemar!"""
TechIce#2,"""¡Congelar!"""
TechThunder#1,"""¡Iluminacion!"""
TechWind#1,"""¡Viento!"""
TechLight#1,"""¡Luz!"""
TechDark#1,"""¡Oscuridad!"""
PBFull#9,"""¡Ahora es mi turno!"""
PBRelease#9,"""¡Dejamelo a mi!"""
Avoid#9,"""¡Ja!"""
HealSelf#9,"""eso es una pena"""
BuffSelf#9,"""Todo esta seguro ahora"""
HealOther#9,"""No bajes la guardia"""
BuffOther#9,"""seamos educados"""
QuestStart1#9,"""Bueno entonces vamos"""
QuestEnd1#9,"""Eso es todo, pensad."""
IncidentStart#9,"""Algo parece extraйo..."""
IncidentSuccess#9,"""Me alegro que haya funcionado de alguna manera"""
IncidentFailure#9,"""Lo siento... mi error"""
PSE#9,"""フォトンがざわついている<br>……これって！"""
PSELevelUp#9,"""¡Sigamos adelante!"""
PSEBurst#9,"""すごい……こんなにフォトンが<br>活性化するなんて……！"""
HP30#9,"""Si sigue asi..."""
HP10#9,"""¡Tengo que hacer algo... de alguna manera...!"""
ItemRare#9,"""あっ！<br>そ、それ、レアなやつ……よね？"""
DamageSmall#9,"""¡Puaj!"""
DamageMiddle#9,"""¡Kyaah!"""
DamageLarge#9,"""¡Kyaaaah!"""
Trap#9,"""¡trampa! ?"""
ThankTrapRescue#9,"""...Perdon por tomarme tanto tiempo."""
TrapRescueOther#9,"""¿Estas bien?"""
MemberDamaged#9,"""¡No te adelantes demasiado!"""
MemberDead#9,"""¡Nunca… nunca te perdonare!"""
AbilityExe#9,"""¡Mi cuerpo es ligero...!"""
AbilitySpecial#9,"""Con esto... ¡puedes hacerlo!"""
Resurrect#9,"""¡Tengo que ser mas firme...!"""
PartyJoin#9,"""/ci2 1 ¡Hagamos lo mejor que podamos juntos!"""
Marvelous#9,"""¡Asi es!"""
IncidentJsApcBegin#9,"""/ci1 1 あ、ごめんなさい！<br>敵の数が多すぎて……<br>手伝ってもらえますか！"""
IncidentJsApcFailure#9,"""……すみません。<br>先に退かせてもらいます。"""
IncidentJsApcSuccess#9,"""/ci2 1 ありがとうございました。<br>おかげでなんとかなりました。"""
IncidentJsApcBeginEvo#9,"""/ci1 2 なんとかなりましたね……<br>ん？\u3000この気配、まだ来る……！"""
EnemyWeak#10,"""El no es nuestro enemigo."""
EnemyLarge#10,"""¿Es grande?"""
EnemyBoss#10,"""Parece un enemigo formidable."""
EnemyRare#10,"""¿Ese tipo es... raro?"""
EnemyBoost#10,"""……気をつけろ。<br>禍々しいフォトンだ"""
DestroyEnemy1#10,"""Del mes proximo"""
DestroyEnemy2#10,"""no tengo otros intereses"""
CondFreeze#10,"""Si esta congelado..."""
CondBurn#10,"""Como era de esperar, hace calor..."""
CondShock#10,"""ふむ……<br>こう痺れていては、面倒だな"""
CondPoison#10,"""¡E-Es venenoso...!"""
CondPanic#10,"""Mi conciencia se vuelve nublada..."""
CondStan#10,"""¡Mis movimientos fueron bloqueados...! ?"""
CondMirage#10,"""No puedo decidir mi objetivo..."""
Die#10,"""No hay manera de que pueda colapsar en un lugar como este..."""
ThankHeal#10,"""utilitario"""
ThankBuff#10,"""agradecer"""
ThankCure#10,"""Tomo mucho esfuerzo"""
DefeatEnemy#10,"""¿Se ha despejado esta zona?"""
LevelUp#10,"""se siente bien"""
InvokeSkill1#10,"""no te dejare escapar"""
InvokeSkill2#10,"""¡Decide de una vez!"""
InvokeSkill3#10,"""¡Rappy, por favor!"""
TechFire#2,"""Quemarlo"""
TechIce#3,"""Hielo"""
TechThunder#2,"""Oh cierto no"""
TechWind#2,"""Viento"""
TechLight#2,"""luz"""
TechDark#2,"""oscuridad"""
PBFull#10,"""¿Es hora de usar la fuerza?"""
PBRelease#10,"""Protege a todos. esa es mi mision"""
Avoid#10,"""Ja ja"""
HealSelf#10,"""fue una pena"""
BuffSelf#10,"""no voy a recortar"""
HealOther#10,"""No bajes la guardia"""
BuffOther#10,"""Prepararse"""
QuestStart1#10,"""comenzando la mision"""
QuestEnd1#10,"""Como se esperaba"""
IncidentStart#10,"""Esta seйal... ¿que viene?"""
IncidentSuccess#10,"""Esa fue una respuesta apropiada."""
IncidentFailure#10,"""...Hay muchos puntos sobre los que reflexionar."""
PSE#10,"""¿Esto es...PSE?"""
PSELevelUp#10,"""los fotones estan excitados"""
PSEBurst#10,"""¿Es esta la etapa final del PSE?"""
HP30#10,"""¿Recibiste demasiado dia?"""
HP10#10,"""Cualquier cosa mas que eso seria realmente malo..."""
ItemRare#10,"""Mmmm, parece algo raro."""
DamageSmall#10,"""tsutsu"""
DamageMiddle#10,"""malo"""
DamageLarge#10,"""¡Hurra!"""
Trap#10,"""¡Es una trampa!"""
ThankTrapRescue#10,"""tomo mucho esfuerzo"""
TrapRescueOther#10,"""¿Estas bien?"""
MemberDamaged#10,"""No te excedas"""
MemberDead#10,"""...Por mucho que no valgo nada."""
AbilityExe#10,"""Hmm, mi cuerpo se siente ligero."""
AbilitySpecial#10,"""Los fotones se estan acostumbrando."""
Resurrect#10,"""...no puedo quedarme quieto"""
PartyJoin#10,"""/ci2 1 Muchas gracias"""
Marvelous#10,"""¿Es este tu poder?"""
IncidentJsApcBegin#10,"""/ci2 1 <%me>。<br>すまないが、手伝ってもらえるか？"""
IncidentJsApcFailure#10,"""……我ながら、無様だな。<br>すまない、先に退かせてもらう。"""
IncidentJsApcSuccess#10,"""/ci2 1 流石だな。噂以上だ。<br>貴方を頼ってよかった。"""
IncidentJsApcBeginEvo#10,"""/ci1 1 終わったか……？<br>……いや、まだ来るようだな。<br>もうしばらく付き合ってもらえるか？"""
EnemyWeak#11,"""ふっふふ！<br>これくらいなら楽勝だー！"""
EnemyLarge#11,"""¡Ha llegado algo que no me gusta!"""
EnemyBoss#11,"""うおお……！<br>おっきいプレゼント……じゃない！"""
EnemyRare#11,"""あれあれ、珍しいやつだよー！<br>ついてるね！"""
EnemyBoost#11,"""えええー……！<br>なんか強そうなのが……！"""
DestroyEnemy1#11,"""¡Bien!"""
DestroyEnemy2#11,"""¿Que clase de cosa es esa?"""
DestroyEnemy3#10,"""¡Resultado hermoso!"""
CondFreeze#11,"""¡Haz clic, haz clic!"""
CondBurn#11,"""メラメラと燃えてきた！<br>あちっ、あちちっ！"""
CondShock#11,"""¡Puedo sentir el entumecimiento!"""
CondPoison#11,"""Uf, es tan incomodo..."""
CondPanic#11,"""ぐるぐるでー、ぐらぐらー！<br>あはははっ！"""
CondStan#11,"""mi cuerpo no se mueve bien"""
CondMirage#11,"""ぼやけてかすんで<br>なんだか視界がすっごい！"""
Die#11,"""Tia..."""
ThankHeal#11,"""Jaja, gracias!"""
ThankBuff#11,"""¡Los amo, gente inteligente!"""
ThankCure#11,"""スッキリしたー！<br>ありがとっ！"""
DefeatEnemy#11,"""¿Esta terminado?"""
LevelUp#11,"""¡Hurra! \u3000¡Guau!"""
InvokeSkill1#11,"""¡Vamos!"""
InvokeSkill2#11,"""¡Arranca!"""
InvokeSkill3#11,"""¡Vamos a hacerlo!"""
TechLight#3,"""¡Imita a Tia!"""
PBFull#11,"""むっかー！<br>腹立ってきたよ！"""
PBRelease#11,"""¡Primero que nada, Paty! \u3000¡Vamos!"""
TacticsFree#0,"""¡Vayamos libremente!"""
TacticsGuard#0,"""防御は最大の攻撃って<br>どこかの誰かが言ってたよー！"""
TacticsMassedAttack#0,"""悪いけどこれ、戦いだから……<br>狙いうち狙いうちっ！"""
TacticsAttack#0,"""¡Oye, oye, ven aqui!"""
Avoid#11,"""¡Vamos a hacerlo!"""
HealSelf#11,"""やれるかと思った？<br>残念、回復でしたー！"""
BuffSelf#11,"""こう見えても<br>準備は欠かさないんだよー！"""
HealOther#11,"""¡La recuperacion es rapida!"""
BuffOther#11,"""¡Lo compartire contigo!"""
QuestStart1#11,"""Pues bien, ¡vamonos!"""
QuestEnd1#11,"""はい、おわりーっ！<br>おつかれさまー！"""
IncidentStart#11,"""¡Vaya, ha ocurrido un problema!"""
IncidentSuccess#11,"""お見事ー！<br>ま、あたしがいるから当然だねー"""
IncidentFailure#11,"""Bueno, ¡no te desanimes la proxima vez!"""
PSE#11,"""¡Oh, algo ha empezado!"""
PSELevelUp#11,"""¡Sigamos adelante!"""
PSEBurst#11,"""おおーっ！<br>サンタさん、ついでに出てこーい！"""
HP30#11,"""¡Aun estoy bien!"""
HP10#11,"""O parece que no puedo obtener suficiente energia..."""
ItemRare#11,"""それはまさか<br>サンタさんからのプレゼント！？"""
DamageSmall#11,"""¡Alli estaba!"""
DamageMiddle#11,"""¡Oye!"""
DamageLarge#11,"""¡Itai!"""
Trap#11,"""罠にかかる女の子ってのも<br>なかなかそそる……って<br>そうじゃない、助けてー！"""
ThankTrapRescue#11,"""Uf, gracias"""
TrapRescueOther#11,"""¡Un rescate brillante!"""
MemberDamaged#11,"""¡No te dejes llevar!"""
MemberDead#11,"""¡Porque no te dejare!"""
AbilityExe#11,"""/juntos ¡me siento mejor!"""
AbilitySpecial#11,"""/toge ¡Dejamelo a mi!"""
Resurrect#11,"""¡Uf, puedo ver el rio!"""
PartyJoin#11,"""/ci1 1 ¡Si, si! \u3000¡Hare lo mejor que pueda!"""
Marvelous#11,"""No, es facil, es facil."""
IncidentJsApcBegin#11,"""/ci2 2 愛と美少女の戦士<br>サンタパティちゃん、ここに見参！<br>良い子はいねーがー！"""
IncidentJsApcFailure#11,"""/ci4 2 サンタパティちゃん、退散！<br>やられたー！"""
IncidentJsApcSuccess#11,"""/ci2 2 さっすが頼りになるー！<br>んじゃこの調子で今度こそサンタさんを<br>捕まえるぞ！\u3000待ってろサンター！"""
IncidentJsApcBeginEvo#11,"""/ci3 2 よし、これで終わり……じゃない！？<br>まさか……これがプレゼント！？"""
EnemyWeak#12,"""んん？<br>あまり強そうな感じは、しないかも"""
EnemyLarge#12,"""Uf, eso parece dificil..."""
EnemyBoss#12,"""ボスエネミーだね<br>気をつけて！"""
EnemyRare#12,"""すっごいレアな種……<br>運がいいね"""
EnemyBoost#12,"""ブーストエネミーかな？<br>注意しましょう"""
DestroyEnemy1#12,"""Lo hice"""
DestroyEnemy2#12,"""he decidido"""
DestroyEnemy3#11,"""¡Decide con gracia!"""
CondFreeze#12,"""Hace frio..."""
CondBurn#12,"""Puede que haga calor..."""
CondShock#12,"""Estoy hormigueando..."""
CondPoison#12,"""sintiendome mal……"""
CondPanic#12,"""ぐるぐるして……<br>なんだろ、コレ……"""
CondStan#12,"""perdi la cabeza..."""
CondMirage#12,"""Hay algo mal con mi vision..."""
Die#12,"""Hermana..."""
ThankHeal#12,"""¡gracias!"""
ThankBuff#12,"""hare lo mejor que pueda por ti"""
ThankCure#12,"""gracias por su ayuda"""
DefeatEnemy#12,"""¿Se acabo?"""
LevelUp#12,"""es bueno ser fuerte"""
InvokeSkill1#12,"""こういうのは<br>パティちゃんの役目だよ"""
TechFire#3,"""Odio el desperdicio"""
TechIce#4,"""no te dejare escapar"""
TechThunder#3,"""¿Puedo verlo aunque?"""
TechWind#3,"""Puedes hacer muchas cosas, ¿verdad?"""
TechLight#4,"""Dejame la tecnica a mi."""
TechDark#3,"""terminarlo"""
PBFull#12,"""Cuando me enojo, tambien me enojo."""
PBRelease#12,"""Numero dos, tia. Voy"""
TacticsFree#1,"""Bueno, entonces soy libre de hacerlo."""
TacticsGuard#1,"""防御を固めて隙をうかがう<br>常套戦術ね"""
TacticsMassedAttack#1,"""一点集中……<br>合理的だと思う"""
TacticsAttack#1,"""yo atraigo"""
Avoid#12,"""decepcionante"""
HealSelf#12,"""No me caere tan facilmente"""
BuffSelf#12,"""No me olvidare de la asistencia."""
HealOther#12,"""Apunta a una pronta recuperacion"""
BuffOther#12,"""mantente bien"""
QuestStart1#12,"""Bueno entonces, encantado de conocerte"""
QuestEnd1#12,"""終わったみたい。<br>お疲れさまでした！"""
IncidentStart#12,"""Calmemonos y afrontemoslo."""
IncidentSuccess#12,"""Como se esperaba. es un exito"""
IncidentFailure#12,"""失敗しちゃいましたね。<br>次は頑張りましょう"""
PSE#12,"""フォトンの活性化……？<br>始まったみたい"""
PSELevelUp#12,"""sigamos mas lejos"""
PSEBurst#12,"""わあ、すごい……！<br>なんだかキレイですね"""
HP30#12,"""todavia estoy bien"""
HP10#12,"""Puede que sea un poco... picante."""
ItemRare#12,"""レアなものが出たみたい。<br>サンタさんからのプレゼントかも"""
DamageSmall#12,"""tsutsu"""
DamageMiddle#12,"""¡Hurra!"""
DamageLarge#12,"""¡Alli estaba!"""
Trap#12,"""Maldita sea... es una trampa como esta."""
ThankTrapRescue#12,"""Eso es util"""
TrapRescueOther#12,"""¿DE ACUERDO?"""
MemberDamaged#12,"""¿DE ACUERDO?"""
MemberDead#12,"""voy a quitar la rigidez"""
AbilityExe#12,"""/toge Quizas las cosas vayan bien"""
AbilitySpecial#12,"""/toge Por favor dejamelo a mi"""
Resurrect#12,"""Tal vez fui demasiado descuidado"""
PartyJoin#12,"""/ci1 1 Haz tu mejor esfuerzo"""
Marvelous#12,"""...Muy facil"""
IncidentJsApcBegin#12,"""/ci2 2 サンタさんとパティちゃんを探してたら<br>いつの間にかエネミーたちが……<br>すみません、ご協力お願いします！"""
IncidentJsApcFailure#12,"""/ci4 2 Lo siento, falle..."""
IncidentJsApcSuccess#12,"""/ci2 2 ご協力、ありがとうございます！<br>助かりました！"""
IncidentJsApcBeginEvo#12,"""/ci3 2 ふう、これで終わりかな……？<br>ちがう、まだ来るみたい！"""
EnemyWeak#13,"""¡El no es nuestro enemigo!"""
EnemyLarge#13,"""おやおや、ずいぶん大きいやつだ<br>だが、僕たちにかかれば！"""
EnemyBoss#13,"""強さが全てじゃない……<br>僕たちがそれを教えてあげよう！"""
EnemyRare#13,"""見たまえ！<br>あれは珍しいやつだよ！"""
EnemyBoost#13,"""ずいぶんやる気のようだけど<br>僕たちの絆に勝てるかな？"""
DestroyEnemy1#13,"""¡hermoso!"""
DestroyEnemy2#13,"""¡Bien hecho!"""
DestroyEnemy3#12,"""¡Lo crei!"""
CondFreeze#13,"""身体は凍ってしまったが<br>僕の愛情は燃えたぎっている！"""
CondBurn#13,"""ははは、なんて熱さなんだ……<br>まるで、僕の愛情のようだね！"""
CondShock#13,"""この程度の痺れでは<br>僕たちの絆は止められない！"""
CondPoison#13,"""この身に毒を受けたとしても<br>愛する子達は守り抜くよ！"""
CondPanic#13,"""世界がぐるぐる回っているが<br>この子達がいてくれるから、問題ない！"""
CondStan#13,"""動けないとしても……<br>僕の側には、この子がいる！"""
CondMirage#13,"""ふふ、幻覚とは無駄なこと……<br>元より、この子達しか見ていない！"""
Die#13,"""¡Mis amados hijos... solo...!"""
ThankHeal#13,"""¡Gracias!"""
ThankBuff#13,"""¡Ayuda!"""
ThankCure#13,"""Uf, me he calmado."""
DefeatEnemy#13,"""¡Ahora sigamos adelante!"""
LevelUp#13,"""/toge ¡Eres tan confiable, amigo mio!"""
InvokeSkill1#13,"""¡Te lo dejo a ti, mi querida niйa!"""
InvokeSkill2#12,"""¡Muestre el poder de los bonos!"""
InvokeSkill3#12,"""¡Ahora usamos!"""
PBFull#13,"""¡Ahora estas listo!"""
PBRelease#13,"""/toge ¡Entreguemos un conjunto con todo nuestro corazon y alma!"""
TacticsFree#2,"""¡Te dejare hacer lo que quieras, amigo mio!"""
TacticsGuard#2,"""¡Ahora es el momento de tener paciencia, amigo mio!"""
TacticsMassedAttack#2,"""¡Es un ataque concentrado, lo entiendo, amigo mio!"""
TacticsAttack#2,"""¡Dejame el seйuelo a mi!"""
Avoid#13,"""¡Ja!"""
HealSelf#13,"""no puedo dejar que suceda"""
BuffSelf#13,"""Supongo que me asegurare de que la situacion sea perfecta y aceptare el desafio."""
HealOther#13,"""¿Estas bien?"""
BuffOther#13,"""No bajes la guardia."""
QuestStart1#13,"""Comenzamos mis amados hijos."""
QuestEnd1#13,"""やったねマイフレンド！<br>僕たちの絆の勝利だ！"""
QuestEnd2#0,"""¡Como era de esperar, amigo mio!"""
IncidentStart#13,"""Amigo mio, ¡parece que algo va a pasar!"""
IncidentSuccess#13,"""やれやれ、びっくりしたけど<br>なんとかなったね！"""
IncidentFailure#13,"""...Mi respuesta fue mala."""
PSE#13,"""僕の子たちが騒いでる……<br>これは、ＰＳＥかな？"""
PSELevelUp#13,"""sigamos mas lejos"""
PSEBurst#13,"""見えるかい、みんな……<br>なんて美しい、ＰＳＥバースト……！"""
HP30#13,"""こんな無様な様子じゃ<br>僕の子達に見放されてしまうな……"""
HP10#13,"""僕の愛する子達のために<br>まだ倒れるわけにはいかない！"""
ItemRare#13,"""おや、それはいいものじゃないか！<br>おめでとう、マイフレンド！"""
DamageSmall#13,"""Puaj"""
DamageMiddle#13,"""liebre"""
DamageLarge#13,"""¡Eso es todo!"""
Trap#13,"""しまった！\u3000僕の子達を見ることに<br>集中するあまり、罠が見えず……！"""
ThankTrapRescue#13,"""¡Gracias por tu ayuda, amigo mio!"""
TrapRescueOther#13,"""¡Mi amigo! \u3000¿Estas bien?"""
MemberDamaged#13,"""¡Quedate atras, amigo mio!"""
MemberDead#13,"""... ¡Bien hecho, amigo mio!"""
AbilityExe#13,"""はははっ！\u3000僕も僕の子達も<br>テンションマックス！\u3000絶好調さ！"""
AbilitySpecial#13,"""¡Siento que ahora puedo hacer cualquier cosa!"""
Resurrect#13,"""... ¡Uf, me preocupas, amigo mio!"""
PartyJoin#13,"""/toge /ci2 1 ¡Hola amigo!"""
Marvelous#13,"""/toge ¡Nosotros tampoco podemos darnos el lujo de perder!"""
IncidentJsApcBegin#13,"""/ci2 2 マイフレンド！\u3000待っていたよ！<br>愛する子供たちとのクリスマスのために<br>ちょっと手伝ってもらえるかい？"""
IncidentJsApcFailure#13,"""/ci4 2 愛する子供たちを優先するために\u3000<br>悪いけど、撤退させてもらうよ。"""
IncidentJsApcSuccess#13,"""/ci2 2 ありがとう、さすがはマイフレンド！<br>おかげで僕は、聖夜を待ちきれない<br>子供たちと一緒に過ごせるよ！"""
IncidentJsApcBeginEvo#13,"""/ci3 2 ……おや、まだ戦闘が続くみたいだね。<br>いいだろう！\u3000僕と愛する子供たちの<br>絆の強さを証明しようじゃないか！"""
EnemyWeak#14,"""Lo limpiare rapidamente."""
EnemyLarge#14,"""Solo la figura es grande."""
EnemyBoss#14,"""Sera mejor que te prepares."""
EnemyRare#14,"""Ah, aqui esta"""
EnemyBoost#14,"""...Ha llegado algo problematico."""
DestroyEnemy1#14,"""¡Molestame!"""
DestroyEnemy2#14,"""¡Callarse la boca!"""
DestroyEnemy3#13,"""¡Del mes proximo!"""
CondFreeze#14,"""Mar maldita... ¡esta helada!"""
CondBurn#14,"""¡Caliente...!"""
CondShock#14,"""¡Maldita sea, estoy tan entumecido!"""
CondPoison#14,"""Es venenoso... no lo hagas."""
CondPanic#14,"""¡Maldita sea, no puedo ver con claridad...!"""
CondStan#14,"""¡No se mueva...!"""
CondMirage#14,"""Me quito la vision..."""
Die#14,"""Lo siento……"""
ThankHeal#14,"""te devolvere el favor"""
ThankBuff#14,"""gracias"""
ThankCure#14,"""Tomo mucho esfuerzo"""
DefeatEnemy#14,"""seguir adelante"""
LevelUp#14,"""¿Sigues intentando hacerte mas fuerte?"""
InvokeSkill1#14,"""no me lo perdere"""
InvokeSkill2#13,"""¿Que tal esto?"""
InvokeSkill3#13,"""¡decidir!"""
PBFull#14,"""¡Dispara a todo y vuelvete loco...!"""
PBRelease#14,"""Lamenta la desgracia que encontraste."""
Avoid#14,"""¡lento!"""
HealSelf#14,"""no sera facil"""
BuffSelf#14,"""No tomare atajos"""
HealOther#14,"""Estas demasiado descuidado"""
BuffOther#14,"""¿No te olvidas de la asistencia?"""
QuestStart1#14,"""...Desde que me llaman, hare lo mejor que pueda."""
QuestEnd1#14,"""No esta mal."""
QuestEnd2#1,"""No estuvo mal, tambien fue divertido."""
IncidentStart#14,"""何かが起きそうね。<br>慎重にいきましょう"""
IncidentSuccess#14,"""solucionar el problema"""
IncidentFailure#14,"""No vale la pena..."""
PSE#14,"""Activacion de fotones, ¿verdad?"""
PSELevelUp#14,"""Lo hare aun mas activo."""
PSEBurst#14,"""¡Vamos todos de una vez, Aurora!"""
HP30#14,"""Quizas baje un poco la guardia."""
HP10#14,"""...Eso es malo."""
ItemRare#14,"""¿No es algo raro?"""
DamageSmall#14,"""¡Tsu!"""
DamageMiddle#14,"""¡Tanto...!"""
DamageLarge#14,"""¡El lo hara...!"""
Trap#14,"""Es como una trampa..."""
ThankTrapRescue#14,"""te devolvere el estigma"""
TrapRescueOther#14,"""Simplemente no podia dejarlo solo"""
MemberDamaged#14,"""無理のしすぎよ。<br>下がってなさい！"""
MemberDead#14,"""...no lo permitire"""
AbilityExe#14,"""me siento bien"""
AbilitySpecial#14,"""¡Dejamelo a mi!"""
Resurrect#14,"""Aun es pronto para descansar"""
PartyJoin#14,"""/ci1 2 Vamos, Aurora."""
Marvelous#14,"""Es realmente... inusual."""
IncidentJsApcBegin#14,"""/mn36 /ci3 4 バレンタイン会場の下見に来たら<br>面倒なのに捕まっちゃったわ……<br>ちょっと力を貸してくれないかしら？"""
IncidentJsApcFailure#14,"""/mn13 No fui lo suficientemente fuerte..."""
IncidentJsApcSuccess#14,"""/mn24 /ci2 2 無事成功ね。礼を言うわ。<br>……アウロラがうるさいから<br>もう行くわね。"""
IncidentJsApcBeginEvo#14,"""/mn5 /ci4 2 まだ終わりじゃないみたいね。<br>気を抜かずに行くわよ。"""
EnemyWeak#15,"""Esta bien si es asi"""
EnemyLarge#15,"""¡Guau, eso es grande!"""
EnemyBoss#15,"""Parece fuerte... ¡pero no perdere!"""
EnemyRare#15,"""¡Vaya, es una especie rara!"""
EnemyBoost#15,"""...Un enemigo realmente desagradable."""
WeatherChange#0,"""¿Los fotones de la atmosfera estan haciendo ruido?"""
DestroyEnemy1#15,"""¡Si, funciono!"""
DestroyEnemy2#15,"""¡Esta bien, eso se siente bien!"""
DestroyEnemy3#14,"""¡Lo hiciste!"""
CondFreeze#15,"""¡Esta congelado! ?"""
CondBurn#15,"""¡Ay, ay!"""
CondShock#15,"""¡O tal vez mi cuerpo esta entumecido...!"""
CondPoison#15,"""Uf... es venenoso, es asqueroso..."""
CondPanic#15,"""えっと、えっと、ええっとお！<br>何をどうすればいいんだっけ！<br>手当たり次第吹っ飛ばす？"""
CondStan#15,"""¡O no puedo mover mi cuerpo...!"""
CondMirage#15,"""Mi vision es un poco borrosa..."""
Die#15,"""Lamento haber fallado..."""
ThankHeal#15,"""Ah...gracias"""
ThankBuff#15,"""Jeje, gracias"""
ThankCure#15,"""Ah, lo siento, gracias."""
DefeatEnemy#15,"""Se siente como si se hubiera acabado"""
LevelUp#15,"""¡Ah, felicidades!"""
InvokeSkill1#15,"""¡Vamos con todas nuestras fuerzas!"""
InvokeSkill2#14,"""¡Jaaaaaaaaaaaa!"""
InvokeSkill3#14,"""¡Terminare esto!"""
TechFire#4,"""¡Haz tu mejor esfuerzo!"""
TechIce#5,"""¡Porque no perdere!"""
TechThunder#4,"""¡No te preocupes, no lo hare!"""
TechWind#4,"""¡Cortalo!"""
TechLight#5,"""luz"""
TechDark#4,"""¡Cruzar rapidamente!"""
PBFull#15,"""<%me>！<br>わたしたちも準備できてるよ！"""
PBRelease#15,"""¡Ya no estoy solo!"""
TacticsFree#3,"""うん、わかった！<br>自由に動いてみるね！"""
TacticsGuard#3,"""ここは辛抱のしどころってことだね<br>まかせて、待つのは得意だよ！"""
TacticsMassedAttack#3,"""狙いを集中させる……<br>うん、わかったよ！"""
TacticsAttack#3,"""わたしが囮になるから<br>その隙にお願い！"""
Avoid#15,"""¡Eso es todo!"""
HealSelf#15,"""recuperacion de recuperacion"""
BuffSelf#15,"""No te olvides de la asistencia."""
HealOther#15,"""大丈夫？<br>無理はしないでね"""
BuffOther#15,"""あ、待ってて<br>補助もかけちゃうから"""
QuestStart1#15,"""¡Muy bien, hare lo mejor que pueda!"""
QuestStart2#0,"""貴方と一緒なら……うん<br>ぜったいに、大丈夫！"""
QuestEnd1#15,"""¡Era tan confiable!"""
QuestEnd2#2,"""¡Guau increible! \u3000¡Increible!"""
IncidentStart#15,"""¿Que, que esta pasando?"""
IncidentSuccess#15,"""Bien, funciono de alguna manera."""
IncidentFailure#15,"""うう……ごめんなさい……<br>足、ひっぱっちゃった……"""
PSE#15,"""フォトンの感じが変わった……<br>PSEってやつなのかな？"""
PSELevelUp#15,"""なんだか続いてるみたいだね！<br>もっともっと、がんばろう！"""
PSEBurst#15,"""わぁ……これがPSEバーストって<br>やつなんだね、すごい！"""
HP30#15,"""うっ……ま、まだまだ<br>まだ大丈夫だよ、わたし！"""
HP10#15,"""……ううっ！<br>ごめん、ちょっとまずいかも……"""
ItemRare#15,"""あっ、それって<br>珍しいものだよね？"""
DamageSmall#15,"""¡Alli estaba!"""
DamageMiddle#15,"""¡Duelo!"""
DamageLarge#15,"""¡Guau!"""
Trap#15,"""¡Que, que, una trampa! ?"""
ThankTrapRescue#15,"""ごめんなさい……<br>すっごく助かった"""
TrapRescueOther#15,"""大丈夫？<br>罠には気をつけてね"""
MemberDamaged#15,"""無理せず下がって！<br>大丈夫、わたしもいるから！"""
MemberDead#15,"""そんなっ！<br>こんなことになるなんて……！"""
AbilityExe#15,"""¡Si, hare lo mejor que pueda!"""
AbilitySpecial#15,"""¡Esta bien, hare lo mejor que pueda!"""
Resurrect#15,"""¡Hare lo mejor que pueda esta vez!"""
PartyJoin#15,"""/ci1 1 ¡Encantado de conocerte!"""
Marvelous#15,"""¡asombroso! \u3000¡Yo tambien tengo que esforzarme mucho!"""
IncidentJsApcBegin#15,"""/mn2 /ci4 2 あ、<%me>！<br>なんだか大変なことになってて……<br>お手伝い、頼んじゃってもいいかな？"""
IncidentJsApcFailure#15,"""/mn5 Lo siento, falle..."""
IncidentJsApcSuccess#15,"""/mn37 /ci1 2 ありがとう、なんとか倒せたね。<br>これで落ち着いて会場の飾りつけの<br>お手伝いができるよ。"""
IncidentJsApcBeginEvo#15,"""/mn2 /ci4 2 この雰囲気……<br>まだ来るのかな？"""
EnemyWeak#16,"""por favor dispersarse"""
EnemyLarge#16,"""Obstruye la vista"""
EnemyBoss#16,"""Calmate y remata"""
EnemyRare#16,"""Es una energia rara"""
EnemyBoost#16,"""...hasta que me levanto."""
DestroyEnemy1#16,"""Se acabo"""
DestroyEnemy2#16,"""adios"""
DestroyEnemy3#15,"""disculparse"""
CondFreeze#16,"""Fresco..."""
CondBurn#16,"""caliente..."""
CondShock#16,"""Nervioso..."""
CondPoison#16,"""Palpitante..."""
CondPanic#16,"""Vueltas y vueltas..."""
CondStan#16,"""El movimiento..."""
CondMirage#16,"""Esponjoso..."""
Die#16,"""...Es un final natural."""
ThankHeal#16,"""agradecer"""
ThankBuff#16,"""Gracias por su consideracion"""
ThankCure#16,"""Lo siento por los inconvenientes ocasionados."""
DefeatEnemy#16,"""Parece que aqui todo esta bien."""
LevelUp#16,"""la fuerza es preciosa"""
InvokeSkill1#16,"""Aunque no soy bueno en eso"""
InvokeSkill2#15,"""Hagamos lo que podamos"""
TechFire#5,"""mi deber esta aqui"""
TechIce#6,"""dejemos de movernos"""
TechThunder#5,"""no me lo perdere"""
TechWind#5,"""por favor muere"""
TechLight#6,"""¿Que opinas?"""
TechDark#5,"""por favor desaparece"""
PBFull#16,"""Ha pasado mucho tiempo desde que me senti enojado."""
PBRelease#16,"""desearia que todo desapareciera"""
Avoid#16,"""es un desperdicio"""
HealSelf#16,"""eso fue una pena"""
BuffSelf#16,"""Completamente preparado para la batalla."""
HealOther#16,"""¿DE ACUERDO?"""
BuffOther#16,"""no bajes la guardia"""
QuestStart1#16,"""vamos"""
QuestEnd1#16,"""状況完了です。<br>お疲れさまでした"""
QuestEnd2#3,"""Como era de esperar, dejame decir"""
IncidentStart#16,"""構えてください。<br>……来ます"""
IncidentSuccess#16,"""成功ですね。<br>少しでも、お役に立てたら嬉しいです"""
IncidentFailure#16,"""tengo que trabajar mas duro..."""
PSE#16,"""フォトンの励起状態が<br>開始しましたね"""
PSELevelUp#16,"""Apuntemos a una mayor activacion."""
PSEBurst#16,"""No perdamos esta oportunidad."""
HP30#16,"""Parece que fue demasiado"""
HP10#16,"""...No tengo ninguna intencion de rendirme."""
ItemRare#16,"""ふふ、よかったですね。<br>欲しいものでしたか？"""
DamageSmall#16,"""tsutsu"""
DamageMiddle#16,"""Kuuu...!"""
DamageLarge#16,"""duelo"""
Trap#16,"""Las trampas estan pasadas de moda..."""
ThankTrapRescue#16,"""agradecer"""
TrapRescueOther#16,"""¿Estas bien?"""
MemberDamaged#16,"""¿Estas herido?"""
MemberDead#16,"""experimentar arrepentimiento"""
AbilityExe#16,"""Siento el poder aumentando"""
AbilitySpecial#16,"""¡Dejame pelear!"""
Resurrect#16,"""...Parece que todavia es temprano."""
PartyJoin#16,"""/ci1 1 Gracias de antemano"""
Marvelous#16,"""gran trabajo"""
IncidentJsApcBegin#16,"""/mn3 /ci3 3 会場の準備をお手伝いするはずが……<br>すみませんが、ご協力お願いします。"""
IncidentJsApcFailure#16,"""/mn27 ……申し訳ありません。<br>一時退避させていただきます。"""
IncidentJsApcSuccess#16,"""/ci2 1 おかげさまで<br>会場の準備に遅れず合流できます。<br>ありがとうございました。"""
IncidentJsApcBeginEvo#16,"""/mn13 /ci4 2 新手のようですが、問題ありません。<br>油断せずに参りましょう。"""
EnemyWeak#17,"""eso es mucho espacio"""
EnemyLarge#17,"""Ya llego el grande"""
EnemyBoss#17,"""No me importa."""
EnemyRare#17,"""Ese es un enemigo que no ves muy a menudo."""
EnemyBoost#17,"""¡Amigo, preparatemonos!"""
DestroyEnemy1#17,"""Si, se acabo"""
DestroyEnemy2#17,"""¿Quien es el siguiente?"""
DestroyEnemy3#16,"""ningun problema"""
CondFreeze#17,"""¡Hace tanto frio...!"""
CondBurn#17,"""¡Que calor...!"""
CondShock#17,"""¡H-hibere...!"""
CondPoison#17,"""Veneno, eh..."""
CondPanic#17,"""Estoy inestable y es malo..."""
CondStan#17,"""¡Tengo que mudarme...!"""
CondMirage#17,"""...mi vision esta borrosa"""
Die#17,"""Todavia tengo una promesa..."""
ThankHeal#17,"""¡Gracias, eso ayuda!"""
ThankBuff#17,"""¡Buen seguimiento!"""
ThankCure#17,"""¡Puedes confiar en ello!"""
DefeatEnemy#17,"""¡Sigamos asi!"""
LevelUp#17,"""Bien hecho. ¡Dejame aprender de ti!"""
InvokeSkill1#17,"""¡Lo tengo!"""
InvokeSkill2#16,"""¡Mar maldita!"""
InvokeSkill3#15,"""¿Que opinas?"""
TechThunder#6,"""¡Aprovecha el hueco!"""
PBRelease#17,"""Disculpe, me estoy poniendo un poco serio."""
Avoid#17,"""¡Yotto!"""
HealSelf#17,"""¡Esta es tambien la determinacion de vivir!"""
BuffSelf#17,"""¡No te preocupes si estas preparado!"""
HealOther#17,"""¿Estas bien? \u3000¡Ten cuidado!"""
BuffOther#17,"""¡Puedes sentirte seguro ahora!"""
QuestStart1#17,"""¡Empecemos!"""
QuestEnd1#17,"""¡Buen trabajo! \u3000¡Lo lograste!"""
IncidentStart#17,"""¡No bajemos la guardia!"""
IncidentSuccess#17,"""¡Si, fue un exito!"""
IncidentFailure#17,"""...Debemos aprender de nuestros errores."""
PSE#17,"""¡Oh, que buena ola!"""
PSELevelUp#17,"""¡Sigamos montando esta ola!"""
PSEBurst#17,"""¡Sigue tu intuicion!"""
HP30#17,"""¡Todavia hay esperanza!"""
HP10#17,"""Gah... ¡voy a perder!"""
ItemRare#17,"""Oh, encontre algo lindo."""
DamageSmall#17,"""¿Cuando?"""
DamageMiddle#17,"""guaaah"""
DamageLarge#17,"""malo……!"""
Trap#17,"""¡trampa! ?"""
ThankTrapRescue#17,"""Que pena... ¡gracias!"""
TrapRescueOther#17,"""¿Estas herido?"""
MemberDamaged#17,"""¡No me hagas preocupar!"""
MemberDead#17,"""...¡Bien hecho!"""
AbilityExe#17,"""Muy bien, ¡me siento mejor!"""
AbilitySpecial#17,"""¡Mi seriedad esta por comenzar!"""
Resurrect#17,"""... ¡todavia puedo hacerlo!"""
PartyJoin#17,"""/ci2 1 ¡Encantado de conocerte, amigo!"""
Marvelous#17,"""¡Que logro tan notable!"""
IncidentJsApcBegin#17,"""/toge /ci2 2 よう、やっぱり来てたのか。<br>コイツら、どうにかしないとだもんな。<br>さあ行くぜ、相棒っ！"""
IncidentJsApcFailure#17,"""さ、さすがに厳しいか……<br>すまない、先に帰らせてもらうよ。"""
IncidentJsApcSuccess#17,"""/ci2 1 これでひとまず会場は安全かな。<br>でも心配だし、念のためもう少し<br>見回って行くわ。ありがとな、相棒！"""
IncidentJsApcBeginEvo#17,"""/toge /ci3 2 ……また来るみたいだ。<br>ふん、受けて立つまでさ！<br>背中は頼むよ、相棒！"""
EnemyWeak#18,"""los soldados se van"""
EnemyLarge#18,"""Es un cuerpo que valdria la pena cortar."""
EnemyBoss#18,"""¿Es esta una apariencia real?"""
EnemyRare#18,"""¡Oh, es una especie rara!"""
EnemyBoost#18,"""... Mmmm, esto es"""
DestroyEnemy1#18,"""¡Lo primero!"""
DestroyEnemy2#18,"""はははっ<br>調子が出てきたな！"""
DestroyEnemy3#17,"""¡Todavia no he cortado lo suficiente!"""
CondFreeze#18,"""Que se congela… ¡imita el sabor!"""
CondBurn#18,"""La combustion... ¡es problematica!"""
CondShock#18,"""Si es una descarga electrica… ¡es problematico!"""
CondPoison#18,"""毒に侵されようとも<br>我が剣が鈍ることはない"""
CondPanic#18,"""混乱していても<br>我が太刀筋に迷いはない"""
CondStan#18,"""Tsk... no puedo moverme."""
CondMirage#18,"""Supongo que estoy aturdido... ¡pero!"""
Die#18,"""No puedo entenderlo..."""
ThankHeal#18,"""te lo agradecere"""
ThankBuff#18,"""tengo que estar a la altura de las expectativas"""
ThankCure#18,"""Es seguro ahora"""
DefeatEnemy#18,"""No puedo cortarlo lo suficiente"""
LevelUp#18,"""Mmmm, deberias esforzarte mas."""
InvokeSkill1#18,"""¡Termina con mi unica espada!"""
InvokeSkill2#17,"""¡Cortalo en pedazos en un momento!"""
InvokeSkill3#16,"""¡No!"""
PBFull#17,"""Dios mio, tengo muchas ganas de hacerlo."""
PBRelease#18,"""Bueno, arreglemoslo."""
TacticsFree#4,"""Ahora, movamonos libremente."""
TacticsGuard#4,"""Esperando la oportunidad de contraatacar"""
TacticsMassedAttack#4,"""Unifiquemos nuestros objetivos"""
TacticsAttack#4,"""私に斬り刻まれたいものは<br>ゆるゆる前に出るといい"""
Avoid#18,"""¡Es tarde!"""
HealSelf#18,"""el relleno es dulce"""
BuffSelf#18,"""Dejame usar todas las manos que pueda"""
HealOther#18,"""No descuides tu recuperacion"""
BuffOther#18,"""El subsidio tambien es importante."""
QuestStart1#18,"""avanzar en la vanguardia"""
QuestStart2#1,"""Cuento con tu habilidad."""
QuestEnd1#18,"""este es el final"""
QuestEnd2#4,"""Ese fue un buen movimiento"""
IncidentStart#18,"""...Hmm, algo viene."""
IncidentSuccess#18,"""Es un resultado perfecto."""
IncidentFailure#18,"""a veces hay fracasos"""
PSE#18,"""Despierta, PSE"""
PSELevelUp#18,"""seguire mas lejos"""
PSEBurst#18,"""Ha pasado mucho tiempo, ¿cual es la situacion hasta ahora?"""
HP30#18,"""No hay problemas con las maniobras de combate."""
HP10#18,"""... ¿Fui demasiado descuidado?"""
ItemRare#18,"""Parece que encontraste algo bueno"""
DamageSmall#18,"""ley"""
DamageMiddle#18,"""Bastante"""
DamageLarge#18,"""¡No lo hagas!"""
Trap#18,"""¿Estoy en una trampa...?"""
ThankTrapRescue#18,"""Tomo mucho esfuerzo"""
TrapRescueOther#18,"""No bajes la guardia en ningun momento"""
MemberDamaged#18,"""Espero que baje sin forzar."""
MemberDead#18,"""...aclarare mis arrepentimientos"""
AbilityExe#18,"""/toge Hmm, mi cuerpo se esta calentando."""
AbilitySpecial#18,"""/toge dejamelo a mi"""
Resurrect#18,"""Todavia es demasiado pronto para jubilarse"""
PartyJoin#18,"""/ci1 1 yo voy"""
Marvelous#18,"""¡Que gran movimiento!"""
IncidentJsApcBegin#18,"""/toge /ci1 3 アークスの危機とあらば<br>私が駆けつけない理由はない。<br>助太刀させてもらおう。"""
IncidentJsApcFailure#18,"""デスクワークばかりでなまったか。<br>いろいろ考えねばならないな……<br>すまんが、退かせてもらうぞ。"""
IncidentJsApcSuccess#18,"""/ci1 3 うむ、よい運動だった。<br>では、私は行くとしよう。<br>精進を怠らないようにな。"""
IncidentJsApcBeginEvo#18,"""/ci5 3 まだ来るか……<br>余程、命がいらないと見える。"""
EnemyWeak#19,"""No sirven de nada los peces pequeйos."""
EnemyLarge#19,"""No importa si es solo la figura"""
EnemyBoss#19,"""¿Me pregunto si me entretendra un poco?"""
EnemyRare#19,"""へぇ、こんなところにも<br>出てくるものなんだねぇ"""
EnemyBoost#19,"""この空気……<br>面倒なのが来たね"""
DestroyEnemy1#19,"""Ahora, el siguiente"""
DestroyEnemy2#19,"""no es suficiente"""
DestroyEnemy3#18,"""¿Cuando sera el proximo?"""
CondFreeze#19,"""¿congelado? \u3000Es agradable y genial"""
CondBurn#19,"""¿combustion? \u3000 calido calido"""
CondShock#19,"""¿Descarga electrica? \u3000Solo un buen masaje"""
CondPoison#19,"""¿veneno? \u3000No es gran cosa"""
CondPanic#19,"""¿confusion? \u3000Basta con conocer los signos"""
CondStan#19,"""行動不能？<br>まあ、ちょうどいいハンデだ"""
CondMirage#19,"""¿Desiluminado? \u3000¿No es divertido?"""
Die#19,"""Yo tambien soy viejo..."""
ThankHeal#19,"""sereno salva"""
ThankBuff#19,"""Buena decision"""
ThankCure#19,"""ま、放っておいても<br>よかったんだけどね"""
DefeatEnemy#19,"""¿Que, ya se acabo?"""
LevelUp#19,"""es lindo ser joven"""
InvokeSkill1#19,"""muestra tu paciencia"""
InvokeSkill2#18,"""Si se interpone en tu camino, simplemente aplastalo."""
InvokeSkill3#17,"""Oye, despeja el camino."""
TechLight#7,"""Puedes usarlo"""
TechDark#6,"""aunque no soy bueno en eso"""
PBFull#18,"""Te estas dejando llevar un poco."""
PBRelease#19,"""Ahora es tu turno, despierta"""
TacticsFree#5,"""Como siempre hare lo que quiera"""
TacticsGuard#5,"""そういうタチじゃないんだけど<br>まあ、従うよ"""
TacticsMassedAttack#5,"""同一ターゲットに攻撃を集中<br>正しい戦術だね"""
TacticsAttack#5,"""¿Por que no te encargas de todo?"""
Avoid#19,"""¿Donde estas mirando?"""
HealSelf#19,"""el relleno es dulce"""
BuffSelf#19,"""Solo usa lo que esta disponible"""
HealOther#19,"""No descuides tu recuperacion"""
BuffOther#19,"""No te olvides de la asistencia."""
QuestStart1#19,"""comprobar la preparacion"""
QuestStart2#2,"""Divirtamonos un poco hoy, ¿vale?"""
QuestEnd1#19,"""Tienes buenos musculos"""
QuestEnd2#5,"""いやー、やっぱりいいね<br>あんたと一緒だと楽だ"""
IncidentStart#19,"""Oye, ¿va a pasar algo?"""
IncidentSuccess#19,"""creo que es un buen resultado"""
IncidentFailure#19,"""No es bueno preocuparse demasiado"""
PSE#19,"""Los fotones zumban"""
PSELevelUp#19,"""Esto va a continuar, ¿no?"""
PSEBurst#19,"""Ha pasado un tiempo desde que lo vi, hasta ahora."""
HP30#19,"""¿Corte demasiado los atajos?"""
HP10#19,"""Que bueno, hacia mucho tiempo que no me sentia asi."""
ItemRare#19,"""Oye, eso no es nada bueno."""
DamageSmall#19,"""mar maldito"""
DamageMiddle#19,"""Guau"""
DamageLarge#19,"""no lo liebre"""
Trap#19,"""あちゃ、こんな罠を<br>見落としちゃってたか"""
ThankTrapRescue#19,"""Uf, eso fue util."""
TrapRescueOther#19,"""¿Estas bien?"""
MemberDamaged#19,"""¿Quieres bajar un rato?"""
MemberDead#19,"""... ¡Puedes hacerlo!"""
AbilityExe#19,"""/toge やれやれ、やーっと調子が<br>出てきた感じだよ"""
AbilitySpecial#19,"""/toge Dejamelo a mi"""
Resurrect#19,"""¿Lo haras?"""
PartyJoin#19,"""/ci1 1 Vamos, dejame divertirme."""
Marvelous#19,"""¡Me gusta ese movimiento!"""
IncidentJsApcBegin#19,"""/ci2 1 やれやれ、見ちゃいられないね。<br>乗りかかった船ってやつだ<br>少しばかり手伝ってあげるよ。"""
IncidentJsApcFailure#19,"""うーん……調子が出ないね。<br>一度戻って、身体の調子を<br>確かめた方がいいか……"""
IncidentJsApcSuccess#19,"""/ci2 3 ま、こんなものかな。<br>それなりに楽しませてもらったよ。<br>それじゃあね。"""
IncidentJsApcBeginEvo#19,"""/ci1 2 おや、これだけやられても<br>こりないようだね。"""
EnemyWeak#20,"""あらあらあ、雑魚さんが<br>迷い込んだんですかあ？"""
EnemyLarge#20,"""大きいことはいいことですよお<br>どこを狙っても当たりますからねえ"""
EnemyBoss#20,"""すごい強そうな感じですねえ<br>楽しそうな相手ですよお"""
EnemyRare#20,"""あらあらあらあ？<br>珍しいのがうろちょろしてますねえ<br>撃ってみたいですねえ"""
EnemyBoost#20,"""あれは……なんでしょうねえ？<br>なんとも不気味で不思議で<br>こわーい感じですよお？"""
DestroyEnemy1#20,"""Jejejejejeje"""
DestroyEnemy2#20,"""¿Donde esta el proximo juguete?"""
DestroyEnemy3#19,"""いいですねえ<br>とっても楽しいですよお"""
CondFreeze#20,"""かちんこちんに<br>凍っちゃいましたねえ<br>今のリサ、とーっても冷たいですよお"""
CondBurn#20,"""Jejeje, ¿que tal la Lisa en llamas?"""
CondShock#20,"""いいですねえ、痺れる瞬間に<br>トリガーをにぎっているのが<br>たまらないですよお……"""
CondPoison#20,"""毒の気持ち悪さって<br>なかなかどうして、いいですねえ"""
CondPanic#20,"""混乱してても変わりませんよお<br>リサはいっつも混乱してるような<br>ものですからねえ"""
CondStan#20,"""短時間とはいえ<br>身動き取れないというのは……<br>そそりますねえ"""
CondMirage#20,"""よおく見えませんが<br>まあ、ばらまけば変わりませんねえ"""
Die#20,"""...No esta mal..."""
ThankHeal#20,"""Jeje, eso fue util."""
ThankBuff#20,"""Entonces hare lo mejor que pueda."""
ThankCure#20,"""すっきりしたので<br>もっと殺ってきますねえ"""
DefeatEnemy#20,"""¿No hay otros enemigos?"""
LevelUp#20,"""Te has vuelto mas fuerte"""
InvokeSkill1#20,"""Por favor no te muevas"""
InvokeSkill2#19,"""¿No se siente bien?"""
InvokeSkill3#18,"""Jejeje, por favor baila."""
PBFull#19,"""もっと楽しいこと<br>知りたいんですかあ？"""
PBRelease#20,"""Se vuelve divertido desde aqui"""
TacticsFree#6,"""Te dejare hacer lo que quieras."""
TacticsGuard#6,"""守りを固めて<br>のちのち百倍返しですねえ"""
TacticsMassedAttack#6,"""Acosemoslos intensamente"""
TacticsAttack#6,"""Enemigo de esta manera, hacia el arma."""
Avoid#20,"""¿Dios mio?"""
HealSelf#20,"""Tal vez es hora de recuperarse"""
BuffSelf#20,"""補助があれば<br>もっと楽しめそうですねえ"""
HealOther#20,"""Por favor recuperese correctamente"""
BuffOther#20,"""No te olvides del subsidio, ¿vale?"""
QuestStart1#20,"""Jeje, jejeje"""
QuestStart2#3,"""いいですよお<br>一緒に楽しみましょうねえ"""
QuestEnd1#20,"""Se acabo"""
QuestEnd2#6,"""もっとずうっと<br>楽しみたかったんですけどねえ"""
IncidentStart#20,"""Jeje, algo parece que va a pasar."""
IncidentSuccess#20,"""Parece que fue bien"""
IncidentFailure#20,"""Es frustrante, ¿no?"""
PSE#20,"""おやおやおやおや<br>これってこれってもしかして？"""
PSELevelUp#20,"""はいはいはいはい<br>どんどん続けていきましょうねえ"""
PSEBurst#20,"""ふふっ、うっとりするほど<br>すばらしいですねえ"""
HP30#20,"""estoy empezando a sentirme mejor"""
HP10#20,"""いいですねぇ……<br>このギリギリな感じ"""
ItemRare#20,"""それっていいものですよねえ<br>いいですねえ、ふふっ"""
DamageSmall#20,"""Puaj"""
DamageMiddle#20,"""Jejeje"""
DamageLarge#20,"""Yo quiero"""
Trap#20,"""罠にかかるのも<br>なかなか新鮮ですねえ"""
ThankTrapRescue#20,"""罠にかかったごっこは<br>おしまいですかあ？"""
TrapRescueOther#20,"""罠、どうでした？<br>気持ちよかったですかあ？"""
MemberDamaged#20,"""無理をしていいのは<br>リサだけですよお？"""
MemberDead#20,"""ふうん、ふむふむ……<br>これはこれは、久々に<br>怒ってきちゃいましたね"""
AbilityExe#20,"""/toge うふふっ、ふふふふっ<br>調子、出てきましたよお"""
AbilitySpecial#20,"""/toge ¡Dejalo en manos de Lisa!"""
Resurrect#20,"""buen dia"""
PartyJoin#20,"""/ci1 1 Por favor tenga cuidado."""
Marvelous#20,"""La presa ha sido capturada."""
IncidentJsApcBegin#20,"""/ci5 2 おやおやおやあー？<br>どうしてこんなに獲物がいるのに<br>リサを呼んでくれないんですかあ？"""
IncidentJsApcFailure#20,"""……んー、リサはなんだか<br>飽きちゃいました。帰りますね。<br>それでは、それではでは。"""
IncidentJsApcSuccess#20,"""/ci4 3 もう終わりなんですかあ？<br>うーん……もっと戦りたいですねえ。<br>だからリサは、ふらりと去りますよお。"""
IncidentJsApcBeginEvo#20,"""/ci2 4 あらあらあらあ？<br>まだまだ来るみたいですよお？"""
PartyJoin#21,"""/toge /ci2 1 ¡Hare lo mejor que pueda!"""
IncidentJsApcBegin#21,"""/ci3 1 ボクのために……<br>ごめんなさい！\u3000よろしくお願いします！"""
IncidentJsApcFailure#21,"""……こ、これ以上は無理。<br>ごめんなさい、ボク、撤退します。"""
IncidentJsApcSuccess#21,"""/ci2 1 これで終わりっ！<br>あのっ、ありがとうございました！<br>おかげで助かりました！"""
IncidentJsApcBeginEvo#21,"""/ci3 1 /toge ……気をつけて下さい。<br>すごいおおきな反応が<br>近づいてきています！"""
AbilityExeRareU#0,"""(tentativo) Activacion potencial cuando se equipa una unidad rara"""
EnemyLargeRareW#0,"""(Provisional) Aparecio un enemigo grande al equipar un arma rara."""
EnemyBossRareW#0,"""(Provisional) Aparecio un jefe al equipar un arma rara."""
EnemyRareRareW#0,"""(Provisional) Aparecio un enemigo raro al equipar un arma rara."""
EnemyBoostRareW#0,"""(Provisional) Boost E aparecio al equipar un arma rara."""
PartyJoin#22,"""/ci1 1 Gracias de antemano"""
IncidentJsApcBegin#22,"""/ci1 1 すみません、マスター。<br>状況不利につき、協力を要請します。"""
IncidentJsApcFailure#22,"""……戦闘継続、不可能。<br>申し訳ありません、撤退します。"""
IncidentJsApcSuccess#22,"""/ci1 1 状況、終了。<br>協力、ありがとうございました。"""
IncidentJsApcBeginEvo#22,"""/ci1 4 さらに巨大な反応を確認。<br>……来ます。"""
AbilityExeRareU#1,"""良いものを身に着けていると<br>いつもより調子がいいですね！"""
EnemyLargeRareW#1,"""マスターに頂いた<br><weapon>なら<br>勝てます！"""
EnemyBossRareW#1,"""マスターに頂いた<br><weapon>で<br>決着をつけます！"""
EnemyRareRareW#1,"""珍種を発見しました。<br>私の武器とどちらが珍しいでしょうか？"""
EnemyBoostRareW#1,"""雰囲気が異なるようですが……<br><weapon>なら<br>やれます！"""
PartyJoin#23,"""/ci2 1 Bueno, encantado de conocerte."""
IncidentJsApcBegin#23,"""/ci2 2 ごめん、君に迷惑は<br>かけたくなかったんだけど……！"""
IncidentJsApcFailure#23,"""……これ以上は、もたない。<br>先に撤退させてもらうよ。"""
IncidentJsApcSuccess#23,"""/ci2 1 ……なんとかなったね。<br>ありがとう、君のおかげだよ。"""
IncidentJsApcBeginEvo#23,"""/ci5 2 ……気をつけて。<br>まだ、大きな反応がある。"""
AbilityExeRareU#2,"""(tentativo) Activacion potencial cuando se equipa una unidad rara"""
EnemyLargeRareW#2,"""(Provisional) Aparecio un enemigo grande al equipar un arma rara."""
EnemyBossRareW#2,"""(Provisional) Aparecio un jefe al equipar un arma rara."""
EnemyRareRareW#2,"""(Provisional) Aparecio un enemigo raro al equipar un arma rara."""
EnemyBoostRareW#2,"""(Provisional) Boost E aparecio al equipar un arma rara."""
PartyJoin#24,"""/ci2 1 ¡Muchas gracias!"""
IncidentJsApcBegin#24,"""/toge /ci4 1 ……あっ、あなたはっ！<br>た、助けて下さい！<br>敵に囲まれてしまって……！"""
IncidentJsApcFailure#24,"""……これ以上は無理です。<br>すみません、先に撤退します。"""
IncidentJsApcSuccess#24,"""/ci2 1 あ、ありがとうございました！<br>おかげで助かりました！<br>本当に本当に、感謝です！"""
IncidentJsApcBeginEvo#24,"""/moya /ci4 4 なんだろうこれ……<br>すごくおっきな反応が……！"""
AbilityExeRareU#3,"""(tentativo) Activacion potencial cuando se equipa una unidad rara"""
EnemyLargeRareW#3,"""(Provisional) Aparecio un enemigo grande al equipar un arma rara."""
EnemyBossRareW#3,"""(Provisional) Aparecio un jefe al equipar un arma rara."""
EnemyRareRareW#3,"""(Provisional) Aparecio un enemigo raro al equipar un arma rara."""
EnemyBoostRareW#3,"""(Provisional) Boost E aparecio al equipar un arma rara."""
PartyJoin#25,"""/ci1 4 Bueno entonces por favor"""
IncidentJsApcBegin#25,"""/ci1 2 すまない、お前には<br>世話になってばかりだな。"""
IncidentJsApcFailure#25,"""……ここまでか。<br>すまない、先に撤退させてもらう。"""
IncidentJsApcSuccess#25,"""/ci2 5 制圧……完了。<br>お前のおかげだ、感謝する。"""
IncidentJsApcBeginEvo#25,"""/ci3 2 ……気を抜くな。<br>とびきりのヤツが来るようだぞ。"""
AbilityExeRareU#4,"""(tentativo) Activacion potencial cuando se equipa una unidad rara"""
EnemyLargeRareW#4,"""(Provisional) Aparecio un enemigo grande al equipar un arma rara."""
EnemyBossRareW#4,"""(Provisional) Aparecio un jefe al equipar un arma rara."""
EnemyRareRareW#4,"""(Provisional) Aparecio un enemigo raro al equipar un arma rara."""
EnemyBoostRareW#4,"""(Provisional) Boost E aparecio al equipar un arma rara."""
PartyJoin#26,"""/toge /ci2 1 ¡Encantado de conocerte!"""
IncidentJsApcBegin#26,"""/ci2 3 /toge おっ、あんた、いいところに！<br>ちょっと敵が多すぎるから<br>手伝ってくれっ！"""
IncidentJsApcFailure#26,"""……ううっ、くそっ！<br>わり、先に撤退するっ！"""
IncidentJsApcSuccess#26,"""/mn15 /ci2 1 よーっしゃよっしゃー！\u3000<br>終わったー！<br>協力してくれてありがとな！"""
IncidentJsApcBeginEvo#26,"""/ci5 2 げげっ、このでっかい反応<br>まだ来るってことかよ！"""
AbilityExeRareU#5,"""(tentativo) Activacion potencial cuando se equipa una unidad rara"""
EnemyLargeRareW#5,"""(Provisional) Aparecio un enemigo grande al equipar un arma rara."""
EnemyBossRareW#5,"""(Provisional) Aparecio un jefe al equipar un arma rara."""
EnemyRareRareW#5,"""(Provisional) Aparecio un enemigo raro al equipar un arma rara."""
EnemyBoostRareW#5,"""(Provisional) Boost E aparecio al equipar un arma rara."""
PartyJoin#27,"""/ci2 3 Muchas gracias."""
IncidentJsApcBegin#27,"""/ci4 1 すみません……<br>貴方に頼ってばかりで……"""
IncidentJsApcFailure#27,"""……これ以上は、もちません。<br>申し訳ありません、撤退させて<br>いただきます。"""
IncidentJsApcSuccess#27,"""/ci2 1 ふぅ……無事、終わりましたね。<br>貴方のおかげです<br>ありがとうございました。"""
IncidentJsApcBeginEvo#27,"""/ci5 3 ……まだ、終わらないようです。<br>巨大な反応が近づいています。"""
AbilityExeRareU#6,"""(tentativo) Activacion potencial cuando se equipa una unidad rara"""
EnemyLargeRareW#6,"""(Provisional) Aparecio un enemigo grande al equipar un arma rara."""
EnemyBossRareW#6,"""(Provisional) Aparecio un jefe al equipar un arma rara."""
EnemyRareRareW#6,"""(Provisional) Aparecio un enemigo raro al equipar un arma rara."""
EnemyBoostRareW#6,"""(Provisional) Boost E aparecio al equipar un arma rara."""
PartyJoin#28,"""/mn16 /ci2 1 Hola, ¡encantado de conocerte!"""
IncidentJsApcBegin#28,"""/mn17 /ci2 1 来てくれたんだ！<br>ありがとー、これでなんとか！"""
IncidentJsApcFailure#28,"""……うう、あたし未熟すぎ。<br>ごめん、先に撤退しちゃうね。"""
IncidentJsApcSuccess#28,"""/ci2 2 やたーっ！\u3000なんとかしのげたよ！<br>あなたのお陰！\u3000ありがとう！"""
IncidentJsApcBeginEvo#28,"""/mn19 /ci2 1 あれあれあれれっ？<br>なんかおっきな反応が<br>近づいてくるよ！"""
AbilityExeRareU#7,"""(tentativo) Activacion potencial cuando se equipa una unidad rara"""
EnemyLargeRareW#7,"""(Provisional) Aparecio un enemigo grande al equipar un arma rara."""
EnemyBossRareW#7,"""(Provisional) Aparecio un jefe al equipar un arma rara."""
EnemyRareRareW#7,"""(Provisional) Aparecio un enemigo raro al equipar un arma rara."""
EnemyBoostRareW#7,"""(Provisional) Boost E aparecio al equipar un arma rara."""
PartyJoin#29,"""/ci1 2 ...Terminemos esto rapidamente."""
IncidentJsApcBegin#29,"""/ci4 3 ……迷惑をかけてしまって<br>ごめん。"""
IncidentJsApcFailure#29,"""……くそ、迷惑かけっぱなしだ。<br>わたしは退く……ごめん！"""
IncidentJsApcSuccess#29,"""/ci2 5 ……その、なんていうか<br>ごめんなさい。あと、ありがとう。"""
IncidentJsApcBeginEvo#29,"""/moya /ci5 2 ……まだだ。<br>まだ、終わりじゃない。"""
AbilityExeRareU#8,"""(tentativo) Activacion potencial cuando se equipa una unidad rara"""
EnemyLargeRareW#8,"""(Provisional) Aparecio un enemigo grande al equipar un arma rara."""
EnemyBossRareW#8,"""(Provisional) Aparecio un jefe al equipar un arma rara."""
EnemyRareRareW#8,"""(Provisional) Aparecio un enemigo raro al equipar un arma rara."""
EnemyBoostRareW#8,"""(Provisional) Boost E aparecio al equipar un arma rara."""
EnemyWeak#21,"""Vaya, este tipo parece debil."""
EnemyLarge#21,"""Vaya, eso es enorme..."""
EnemyBoss#21,"""おいおいおい<br>こんなのいるなんて聞いてねえよ！"""
EnemyRare#21,"""んー、なんだありゃ<br>あんまり見ないヤツじゃないか？"""
EnemyBoost#21,"""...¡El ambiente da un poco de miedo!"""
DestroyEnemy1#21,"""¡Bueno!"""
DestroyEnemy2#21,"""¡Lo hice!"""
DestroyEnemy3#20,"""¡Esta decidido!"""
CondFreeze#21,"""¡Hace tanto frio!"""
CondBurn#21,"""¡Ay, ay!"""
CondShock#21,"""Sh-shhhhhhh!"""
CondPoison#21,"""うう……毒……？<br>気持ち悪い……"""
CondPanic#21,"""Bueno, el mundo esta girando."""
CondStan#21,"""身体が動かねえ……<br>なんだよこれ！"""
CondMirage#21,"""なんだあ？<br>世界がぼやけてるぞ？"""
Die#21,"""En un lugar como este..."""
ThankHeal#21,"""Uf, eso fue util."""
ThankBuff#21,"""Bien, ¡hagamos lo mejor que podamos!"""
ThankCure#21,"""スッキリしたぜ<br>ありがとな"""
DefeatEnemy#21,"""Uf, ¿funciono de alguna manera?"""
LevelUp#21,"""¡Me adelante!"""
InvokeSkill1#21,"""¡No te muevas!"""
InvokeSkill2#20,"""¡Soy yo!"""
InvokeSkill3#19,"""¡Lo vi, ahi estaba!"""
TechThunder#7,"""¡Sera una restriccion!"""
PBFull#20,"""¡Haz lo que quieras!"""
PBRelease#21,"""¡La mano en la espalda esta activada!"""
TacticsFree#7,"""¡Puedes hacer lo que quieras!"""
TacticsGuard#7,"""¡Confio en mi capacidad para escapar!"""
TacticsMassedAttack#7,"""¡Es un bombardeo!"""
TacticsAttack#7,"""お、おれがひきつける！<br>……早めに助けてくれよ？"""
Avoid#21,"""¡Guau!"""
HealSelf#21,"""Pense que iba a morir"""
BuffSelf#21,"""¡Asegurate de prepararte!"""
HealOther#21,"""Oye oye, ¿estas bien?"""
BuffOther#21,"""¡No olvides la asistencia!"""
QuestStart1#21,"""¡Esta bien, vamonos!"""
QuestStart2#4,"""¡Hagamos lo mejor que podamos juntos, amigo!"""
QuestEnd1#21,"""¡Se acabo!"""
QuestEnd2#7,"""やったな相棒！<br>カンペキだろ！"""
IncidentStart#21,"""¿Q-que es?"""
IncidentSuccess#21,"""¡Esta bien!"""
IncidentFailure#21,"""Gege..."""
PSE#21,"""¡Muy bien, ha comenzado!"""
PSELevelUp#21,"""¡Sigamos adelante!"""
PSEBurst#21,"""¡Vamos, vamos!"""
HP30#21,"""待て待て、落ち着けって！<br>マジ痛いんだから！"""
HP10#21,"""Ya quiero huir..."""
ItemRare#21,"""yo tambien lo quiero"""
DamageSmall#21,"""Puaj"""
DamageMiddle#21,"""Arg"""
DamageLarge#21,"""¡Guau!"""
Trap#21,"""¡Es una trampa! ?"""
ThankTrapRescue#21,"""Bueno, gracias"""
TrapRescueOther#21,"""¡Ese era un lugar peligroso!"""
MemberDamaged#21,"""¡No te excedas!"""
MemberDead#21,"""……どういうことだよ<br>クソッ！"""
AbilityExe#21,"""/toge Jeje, ¡me siento mejor!"""
AbilitySpecial#21,"""/toge ¡Dejamelo a mi!"""
Resurrect#21,"""¿Puedes rendirte?"""
PartyJoin#30,"""/ci1 1 Encantado de conocerte, amigo"""
Marvelous#21,"""¡Vamos a hacerlo!"""
IncidentJsApcBegin#30,"""/toge /ci2 2 ああっ、相棒！\u3000いいとこに！<br>ヤバイ数のエネミーがいるんだよ<br>ちょっと協力してくれ！"""
IncidentJsApcFailure#30,"""こ、これ以上はきつい……<br>すまん相棒、おれ撤退させてもらうわ。"""
IncidentJsApcSuccess#30,"""/ci2 1 ふぃー、なんとか終わったかぁ。<br>ありがとな相棒。お前のおかげで<br>なんとかなったよ。"""
IncidentJsApcBeginEvo#30,"""/toge /ci3 2 ななっ、なんだよ！<br>すっげー巨大な敵性反応！？<br>相棒、気をつけろよ！"""
IncidentJsMultiApcBegin#0,"""/ci2 1 /mn9 おっ、フーリエさん、あれ見ろ！<br>相棒が来てくれたぞ！<br>へへっ、タイミングばっちりだな！"""
IncidentJsMultiApcSuccess#0,"""/ci2 1 /mn15 よーしよーし、<br>なんとかなったぁー！<br>サンキューな相棒、助かったぜ"""
EnemyWeak#22,"""...Debiluchos, ¿Eh?"""
EnemyLarge#22,"""Tamaño es lo único que tienes.<br>No seré derrotado."""
EnemyBoss#22,"""Huhaha...<br>Inténtalo y has esto divertido para mí."""
EnemyRare#22,"""Es... ¡Tú eres!..."""
EnemyBoost#22,"""Tch, ¡No te puedo tomar a la ligera!..."""
DestroyEnemy1#22,"""...Eres molesto. Vete"""
DestroyEnemy2#22,"""Abraza las sombras,<bar>sumérgete en la oscuridad"""
DestroyEnemy3#21,"""Me estas enfrentando,<br>maldice tu propia mala suerte"""
CondFreeze#22,"""Es inútil,<br>ya que nada podrá congelarme hasta lo más profundo de mi ser"""
CondBurn#22,"""Ugh...<br>Las llamas, se aferran dolorosamente..."""
CondShock#22,"""¡¿Intentas limitarme con esto?!"""
CondPoison#22,"""Uf, tratando de comerme..."""
CondPanic#22,"""¡Agh! ¿Podría \u3000\''El instituto\'' llegar tan lejos?<br>Podría ser... No, no es nada más que una fachada<br>Todo lo que veo... ¡Es una ilusión!"""
CondStan#22,"""¡¿Acaso crees que esos trucos podrían frenarme?!"""
CondMirage#22,"""Ugh... ¡M-i ojo derecho, esta!..."""
Die#22,"""Pensar, aquí es donde estará mi tumba...<br>Jaja... Ja..."""
ThankHeal#22,"""Gracias..."""
ThankBuff#22,"""El poder fluye dentro de mí..."""
ThankCure#22,"""Tienes mi agradecimiento..."""
DefeatEnemy#22,"""Hmph, ¿Ya has terminado?"""
LevelUp#22,"""Quieres decir... ¿Que aun puedes hacerte más fuerte?"""
InvokeSkill1#22,"""Sombras, ¡Las más oscuras de todas, devoren a mis enemigos con su poder!"""
InvokeSkill2#21,"""¡Los colmillos de este \''Black Wolf\''<br>Te cazaran donde sea que corras!"""
InvokeSkill3#20,"""¡Las criaturas desagradables se derrumbarán!..."""
TechFire#6,"""Fuego del infierno, ¡Incinera!"""
TechIce#7,"""Prision helada, ¡Destroza!"""
TechThunder#8,"""Trueno, ¡Atraviesa!"""
TechWind#6,"""Viento aplastante, ¡Taja!"""
TechLight#8,"""Luz, ¡Me obedecerás!"""
TechDark#7,"""¡Se devorado por la oscuridad!"""
PBFull#21,"""¡El momento ha llegado!..."""
PBRelease#22,"""Victoria, ¡Por cualquier medio necesario!"""
Avoid#22,"""Esta tibio..."""
HealSelf#22,"""No es un problema."""
BuffSelf#22,"""No pienses que estas list@."""
HealOther#22,"""Tus heridas podrían ser una molestia."""
BuffOther#22,"""¿Es el poder lo que buscas?..."""
QuestStart1#22,"""Lo rodeare todo en la oscuridad."""
QuestEnd1#22,"""Así que este es el final..."""
IncidentStart#22,"""Ha comenzado..."""
IncidentSuccess#22,"""Apenas es un calentamiento."""
IncidentFailure#22,"""¿¡Perdimos!?..."""
PSE#22,"""Los vientos suenan..."""
PSELevelUp#22,"""¿Cómo puede ser?..."""
PSEBurst#22,"""Vamos y disfrutemos..."""
HP30#22,"""Hmph, ¿Esto es todo?"""
HP10#22,"""Gh-, mis sombras no serán devoradas..."""
ItemRare#22,"""¿Oh?, veo que el destino te favorece."""
DamageSmall#22,"""inutil"""
DamageMiddle#22,"""Grr..."""
DamageLarge#22,"""Tsk..."""
Trap#22,"""Una... ¿¡Trampa!?"""
ThankTrapRescue#22,"""...Te lo pagare de algún modo."""
TrapRescueOther#22,"""¿Que estabas haciendo, tonto?"""
MemberDamaged#22,"""Tu dolor te hará más fuerte."""
MemberDead#22,"""Ya puedes descansar pacíficamente."""
AbilityExe#22,"""¡Las sombras laten dentro de mi corazón!..."""
AbilitySpecial#22,"""¡Lo cubriré todo en las sombras!"""
Resurrect#22,"""Aun... ¡Aún hay cosas que debo hacer!"""
PartyJoin#31,"""/ci1 1 ...Sin holgazanes. O me ire sin ti."""
Marvelous#22,"""Hmph, Esto era de esperar."""
IncidentJsApcBegin#31,"""/ci3 1 Te prestaré mi poder...<br>El \''Black Wolf\'' enviará a tus enemigos al más allá!"""
IncidentJsApcFailure#31,"""Tch...<br>Y pensar que perderíamos de esta manera..."""
IncidentJsApcSuccess#31,"""/ci1 2 Si el poder es lo que buscas,<br>Busca la oscuridad. Busca el \''Phantom.\''<br>...Adios."""
IncidentJsApcBeginEvo#31,"""/ci3 2 ...¿Nos vieron?<br>Ya vienen... <br>Y este es..."""
EnemyWeak#23,"""¡No dejes que los pequeйos se interpongan en tu camino!"""
EnemyLarge#23,"""Gran trasero, ¡ese es un buen objetivo!"""
EnemyBoss#23,"""Parece que tiene huesos serios, ¿no?"""
EnemyRare#23,"""ん、なんだありゃ？<br>珍しいヤツなんじゃないか？"""
EnemyBoost#23,"""No emitas una atmosfera peligrosa..."""
DestroyEnemy1#23,"""¡Un paso adelante!"""
DestroyEnemy2#23,"""Bueno, ¡sigamos adelante!"""
DestroyEnemy3#22,"""No es mi oponente."""
CondFreeze#23,"""¡Tsk, esta congelado...!"""
CondBurn#23,"""¡No digas que es tan ardiente como sugiere el nombre!"""
CondShock#23,"""¡Mi cuerpo esta entumecido...!"""
CondPoison#23,"""¡Mierda, es veneno...!"""
CondPanic#23,"""¡Mi cabeza esta confundida...!"""
CondStan#23,"""¡Si tu cuerpo no se mueve... entonces...! ?"""
CondMirage#23,"""¡N-no puedo ver con claridad...!"""
Die#23,"""En serio... esto es imposible..."""
ThankHeal#23,"""¡Eso es malo!"""
ThankBuff#23,"""¡Oh, eres tan considerado!"""
ThankCure#23,"""¡Eso ayudo!"""
DefeatEnemy#23,"""esta por aqui"""
LevelUp#23,"""¡No puedo darme el lujo de perder!"""
InvokeSkill1#23,"""¡Arranca!"""
InvokeSkill2#22,"""¡No me dejes escapar!"""
InvokeSkill3#21,"""¡Eso fue una pena!"""
PBFull#22,"""¡Sin dudarlo! \u3000¡Toma todo!"""
PBRelease#23,"""Este es el camino que elegi, ¡no dejare que te interpongas en mi camino!"""
Avoid#23,"""¡Oye!"""
HealSelf#23,"""Es peligroso, es peligroso."""
BuffSelf#23,"""No olvides prepararte."""
HealOther#23,"""¡No bajes la guardia!"""
BuffOther#23,"""¡Decidamos de una vez!"""
QuestStart1#23,"""Terminemoslo rapido"""
QuestEnd1#23,"""No es normal despues de todo."""
IncidentStart#23,"""Esta seйal... ¡algo viene!"""
IncidentSuccess#23,"""Esta bien, ¡no esta mal, no esta mal!"""
IncidentFailure#23,"""¡Mierda, me equivoque!"""
PSE#23,"""¿Esto es... PSE?"""
PSELevelUp#23,"""¡Sigamos adelante!"""
PSEBurst#23,"""¡Pues salio bien!"""
HP30#23,"""Se estaba volviendo realmente problematico."""
HP10#23,"""aun no ha terminado"""
ItemRare#23,"""Oh, ¿no es eso bueno?"""
DamageSmall#23,"""Tsk"""
DamageMiddle#23,"""¡Argh!"""
DamageLarge#23,"""Vamos a hacerlo...!"""
Trap#23,"""¡Oye, es una trampa!"""
ThankTrapRescue#23,"""Lastima, fui descuidado."""
TrapRescueOther#23,"""今日び罠とか洒落てんな！<br>今助ける！"""
MemberDamaged#23,"""¿Estas bien? \u3000¡No te fuerces!"""
MemberDead#23,"""... ¡Teme, lo lograste!"""
AbilityExe#23,"""Ahora, ¿quien quiere morir?"""
AbilitySpecial#23,"""¿Por donde deberia empezar?"""
Resurrect#23,"""･･････････････････¡Esto se esta convirtiendo en un gran problema!"""
PartyJoin#32,"""/ci2 1 Gracias por tu ayuda."""
Marvelous#23,"""Eh, hagamoslo"""
IncidentJsApcBegin#32,"""/ci1 1 よう、また面倒に巻き込まれてんのか。<br>あんたには恩もある事だし、良かったら<br>手伝わせてくれ！"""
IncidentJsApcSuccess#32,"""/ci1 1 相変わらず、見事だったぜ。<br>さて、とっとと片付けを終わらせて<br>お返し考えねーと……じゃあな！"""
IncidentJsApcBeginEvo#32,"""/ci1 1 これで終わり……って雰囲気じゃねーな<br>次から次へと飽きないことだな！<br>すまん、もうちょい付き合ってくれ！"""
EnemyWeak#24,"""Esta bien si es asi"""
EnemyLarge#24,"""¡Guau, eso es grande!"""
EnemyBoss#24,"""Parece fuerte... ¡pero no perdere!"""
EnemyRare#24,"""¡Vaya, es una especie rara!"""
EnemyBoost#24,"""...Un enemigo realmente desagradable."""
WeatherChange#1,"""¿Los fotones de la atmosfera estan haciendo ruido?"""
DestroyEnemy1#24,"""¡Si, funciono!"""
DestroyEnemy2#24,"""¡Esta bien, eso se siente bien!"""
DestroyEnemy3#23,"""¡Lo hiciste!"""
CondFreeze#24,"""¡Esta congelado! ?"""
CondBurn#24,"""¡Ay, ay!"""
CondShock#24,"""¡O tal vez mi cuerpo esta entumecido...!"""
CondPoison#24,"""Uf... es venenoso, es asqueroso..."""
CondPanic#24,"""えっと、えっと、ええっとお！<br>何をどうすればいいんだっけ！<br>手当たり次第吹っ飛ばす？"""
CondStan#24,"""¡O no puedo mover mi cuerpo...!"""
CondMirage#24,"""Mi vision es un poco borrosa..."""
Die#24,"""Lamento haber fallado..."""
ThankHeal#24,"""Ah...gracias"""
ThankBuff#24,"""Jeje, gracias"""
ThankCure#24,"""Ah, lo siento, gracias."""
DefeatEnemy#24,"""Se siente como si se hubiera acabado"""
LevelUp#24,"""¡Ah, felicidades!"""
InvokeSkill1#24,"""¡Vamos con todas nuestras fuerzas!"""
InvokeSkill2#23,"""¡Jaaaaaaaaaaaa!"""
InvokeSkill3#22,"""¡Terminare esto!"""
TechFire#7,"""¡Haz tu mejor esfuerzo!"""
TechIce#8,"""¡Porque no perdere!"""
TechThunder#9,"""¡No te preocupes, no lo hare!"""
TechWind#7,"""¡Cortalo!"""
TechLight#9,"""luz"""
TechDark#8,"""¡Cruzar rapidamente!"""
PBFull#23,"""<%me>！<br>わたしたちも準備できてるよ！"""
PBRelease#24,"""¡Ya no estoy solo!"""
TacticsFree#8,"""うん、わかった！<br>自由に動いてみるね！"""
TacticsGuard#8,"""ここは辛抱のしどころってことだね<br>まかせて、待つのは得意だよ！"""
TacticsMassedAttack#8,"""狙いを集中させる……<br>うん、わかったよ！"""
TacticsAttack#8,"""わたしが囮になるから<br>その隙にお願い！"""
Avoid#24,"""¡Eso es todo!"""
HealSelf#24,"""recuperacion de recuperacion"""
BuffSelf#24,"""No te olvides de la asistencia."""
HealOther#24,"""大丈夫？<br>無理はしないでね"""
BuffOther#24,"""あ、待ってて<br>補助もかけちゃうから"""
QuestStart1#24,"""¡Muy bien, hare lo mejor que pueda!"""
QuestStart2#5,"""貴方と一緒なら……うん<br>ぜったいに、大丈夫！"""
QuestEnd1#24,"""¡Era tan confiable!"""
QuestEnd2#8,"""¡Guau increible! \u3000¡Increible!"""
IncidentStart#24,"""¿Que, que esta pasando?"""
IncidentSuccess#24,"""Bien, funciono de alguna manera."""
IncidentFailure#24,"""うう……ごめんなさい……<br>足、ひっぱっちゃった……"""
PSE#24,"""フォトンの感じが変わった……<br>PSEってやつなのかな？"""
PSELevelUp#24,"""なんだか続いてるみたいだね！<br>もっともっと、がんばろう！"""
PSEBurst#24,"""わぁ……これがPSEバーストって<br>やつなんだね、すごい！"""
HP30#24,"""うっ……ま、まだまだ<br>まだ大丈夫だよ、わたし！"""
HP10#24,"""……ううっ！<br>ごめん、ちょっとまずいかも……"""
ItemRare#24,"""あっ、それって<br>珍しいものだよね？"""
DamageSmall#24,"""¡Alli estaba!"""
DamageMiddle#24,"""¡Duelo!"""
DamageLarge#24,"""¡Guau!"""
Trap#24,"""¡Que, que, una trampa! ?"""
ThankTrapRescue#24,"""ごめんなさい……<br>すっごく助かった"""
TrapRescueOther#24,"""大丈夫？<br>罠には気をつけてね"""
MemberDamaged#24,"""無理せず下がって！<br>大丈夫、わたしもいるから！"""
MemberDead#24,"""そんなっ！<br>こんなことになるなんて……！"""
AbilityExe#24,"""¡Si, hare lo mejor que pueda!"""
AbilitySpecial#24,"""¡Esta bien, hare lo mejor que pueda!"""
Resurrect#24,"""¡Hare lo mejor que pueda esta vez!"""
PartyJoin#33,"""/ci1 1 ¡Encantado de conocerte!"""
Marvelous#24,"""¡asombroso! \u3000¡Yo tambien tengo que esforzarme mucho!"""
IncidentJsApcBegin#33,"""/mn2 /ci4 2 あ、<%me>！<br>来てくれたんだね。早速だけど<br>手伝ってもらえるかな？"""
IncidentJsApcSuccess#33,"""/mn37 /ci1 2 手伝ってくれて、ありがとう！<br>なんとか倒せたけど、油断しないように<br>おたがい、がんばろうね！"""
EnemyWeak#25,"""Que, eso esta fuera de lugar."""
EnemyLarge#25,"""姿は大きいようだが<br>力はどうかな……？"""
EnemyBoss#25,"""¡Tsk, ha aparecido un enemigo problematico!"""
EnemyRare#25,"""Oh, ese es un tipo raro"""
EnemyBoost#25,"""¿Que es esta atmosfera...?"""
DestroyEnemy1#25,"""¡Esta decidido!"""
DestroyEnemy2#25,"""¡Se acabo!"""
DestroyEnemy3#24,"""¡Del mes proximo!"""
CondFreeze#25,"""Si esta congelado... ¡me ahogare!"""
CondBurn#25,"""Cuando se trata de combustion... ¡me estoy ahogando!"""
CondShock#25,"""Si es una descarga electrica... ¡me enterrare!"""
CondPoison#25,"""Si es venenoso… ¡tengo miedo!"""
CondPanic#25,"""Si hay confusion... ¡jaja!"""
CondStan#25,"""Cuando no puedo moverme... ¡tengo miedo!"""
CondMirage#25,"""Si estas aturdido... ¡jaja!"""
Die#25,"""Este...yo..."""
ThankHeal#25,"""¡Eso es util!"""
ThankBuff#25,"""¡Buena decision!"""
ThankCure#25,"""¡Gracias!"""
DefeatEnemy#25,"""¡Bien, ese es el final!"""
LevelUp#25,"""El esfuerzo dio sus frutos"""
InvokeSkill1#25,"""¡Este es el final!"""
InvokeSkill2#24,"""¡Con este golpe!"""
InvokeSkill3#23,"""¡Terminal!"""
PBFull#24,"""¡No te preocupes!"""
PBRelease#25,"""¡Libera tu poder!"""
TacticsFree#9,"""¡Soy libre de hacer lo que quiera!"""
TacticsGuard#9,"""¡Fortalezcamos nuestra defensa!"""
TacticsMassedAttack#9,"""¡Un gran avance!"""
TacticsAttack#9,"""¡Atraigo al enemigo!"""
Avoid#25,"""¡Yotto!"""
HealSelf#25,"""¡Recuperar!"""
BuffSelf#25,"""Sin atajos"""
HealOther#25,"""Ese era un lugar peligroso."""
BuffOther#25,"""¡Te apoyo!"""
QuestStart1#25,"""Bueno, vamos"""
QuestStart2#6,"""Me siento seguro si estas conmigo"""
QuestEnd1#25,"""este es el final"""
QuestEnd2#9,"""Como era de esperar, es tranquilizador."""
IncidentStart#25,"""¡Algo va a pasar!"""
IncidentSuccess#25,"""Parece que fue exitoso"""
IncidentFailure#25,"""...lo siento"""
PSE#25,"""Hmm, parece que ha comenzado."""
PSELevelUp#25,"""¡Sigamos adelante!"""
PSEBurst#25,"""¿Sera tan efectivo como este?"""
HP30#25,"""¡Tia no!"""
HP10#25,"""A este ritmo..."""
ItemRare#25,"""¡Encontraste algo bueno!"""
DamageSmall#25,"""Arg"""
DamageMiddle#25,"""Guau"""
DamageLarge#25,"""guaa"""
Trap#25,"""¡En una trampa como esta...!"""
ThankTrapRescue#25,"""¡Gracias!"""
TrapRescueOther#25,"""¡Ten cuidado!"""
MemberDamaged#25,"""¿Estas bien?"""
MemberDead#25,"""Lo siento... ¡disculpe!"""
AbilityExe#25,"""/juntos ¡me siento mejor!"""
AbilitySpecial#25,"""/toge ¡Dejamelo a mi!"""
Resurrect#25,"""... ¡Aun puedes ir!"""
PartyJoin#34,"""/ci1 1 Muchas gracias"""
Marvelous#25,"""¡Como se esperaba!"""
EnemyWeak#26,"""...parece debil"""
EnemyLarge#26,"""...Es grande."""
EnemyBoss#26,"""...Es un poco problematico."""
EnemyRare#26,"""...Ah, eso es raro"""
EnemyBoost#26,"""... ¿Que es esta atmosfera?"""
DestroyEnemy1#26,"""……aletas"""
DestroyEnemy2#26,"""……Del mes proximo"""
DestroyEnemy3#25,"""...El fin"""
CondFreeze#26,"""……く、凍結<br>動けない……"""
CondBurn#26,"""... tan caliente"""
CondShock#26,"""...Mi cuerpo se adormece."""
CondPoison#26,"""...Maldita sea, esto es veneno."""
CondPanic#26,"""...Me siento mareado y tengo la vision borrosa."""
CondStan#26,"""...Muevete, mi cuerpo"""
CondMirage#26,"""...mis ojos estan borrosos"""
Die#26,"""No me gusta esto..."""
ThankHeal#26,"""……gracias"""
ThankBuff#26,"""...Esa es una buena decision."""
ThankCure#26,"""……agradecer"""
DefeatEnemy#26,"""...Es un paso hacia abajo."""
LevelUp#26,"""...Es el resultado de un arduo trabajo."""
TechFire#8,"""...Quemar"""
TechIce#9,"""...congelado"""
TechThunder#10,"""...estoy entumecido"""
TechWind#8,"""...soplalo"""
TechLight#10,"""...luz"""
TechDark#9,"""...Oscuridad"""
PBFull#25,"""……vamos"""
PBRelease#26,"""...lo soltare"""
TacticsFree#10,"""...Lo hare libremente."""
TacticsGuard#10,"""...Manten tus defensas fuertes"""
TacticsMassedAttack#10,"""...Apuntare intensamente."""
TacticsAttack#10,"""...yo sere el seйuelo"""
Avoid#26,"""...Es peligroso."""
HealSelf#26,"""...Recuperacion..."""
BuffSelf#26,"""...Sin tomos atajos."""
HealOther#26,"""...Recuperacion, no lo olvides"""
BuffOther#26,"""...Te ayudare."""
QuestStart1#26,"""...Vamos"""
QuestStart2#7,"""...Me siento seguro cuando estas conmigo"""
QuestEnd1#26,"""……buen trabajo"""
QuestEnd2#10,"""...Siento una sensacion de seguridad diferente."""
IncidentStart#26,"""...algo parece estar pasando"""
IncidentSuccess#26,"""...Parece que fue un exito."""
IncidentFailure#26,"""…… Lo siento"""
PSE#26,"""...algo ha comenzado"""
PSELevelUp#26,"""...continuemos"""
PSEBurst#26,"""...No puedo creer que tenga tal efecto."""
HP30#26,"""…… tia"""
HP10#26,"""...Dejalo asi."""
ItemRare#26,"""...Eso es algo bueno."""
DamageSmall#26,"""...Puaj"""
DamageMiddle#26,"""...Kuuuuuuuuuuuu"""
DamageLarge#26,"""...¡Oh!"""
Trap#26,"""...quedar atrapado en una trampa"""
ThankTrapRescue#26,"""……gracias"""
TrapRescueOther#26,"""……ten cuidado"""
MemberDamaged#26,"""……¿Estas bien?"""
MemberDead#26,"""...no lo permitire"""
AbilityExe#26,"""/juntos...me siento mejor."""
AbilitySpecial#26,"""/juntos...dejamelo a mi"""
Resurrect#26,"""...todavia puedo ir."""
PartyJoin#35,"""/ci1 1 ...Encantado de conocerte"""
Marvelous#26,"""...Como se esperaba."""
EnemyWeak#27,"""ふふふ……このぐらいの相手なら<br>私一人でも十分ですわ！"""
EnemyLarge#27,"""大きければいいというものでは<br>ないんですからね！"""
EnemyBoss#27,"""うう……なんだか強そう……<br>見なかったことにしたいですわ"""
EnemyRare#27,"""あら？\u3000あちらにいらっしゃるのは<br>希少種というやつでは？"""
EnemyBoost#27,"""むむむ……<br>なんとも気味悪い気配をした<br>エネミーですわね……"""
WeatherChange#2,"""¿Que pasa con los cambios ambientales?"""
DestroyEnemy1#27,"""¡Lo hice!"""
DestroyEnemy2#27,"""¿Te gusta eso?"""
DestroyEnemy3#26,"""¿Lo viste?"""
CondFreeze#27,"""水もしたたるいい女……<br>って違っ、これ凍ってる！\u3000冷たっ！"""
CondBurn#27,"""燃え上がるような情熱……<br>じゃなくてすっごく熱いんですけど！"""
CondShock#27,"""痺れるほどに、刺激的……<br>というか本当に痺れが……！"""
CondPoison#27,"""ふふっ、美女は毒を隠し持つ……<br>……私、美女じゃなくていいから<br>解毒を、解毒をー！"""
CondPanic#27,"""ふふふ……<br>今なら何にも出来なさそうな<br>そんな気がしますわ！"""
CondStan#27,"""なんと言われようとも<br>私この場を一歩も動きませんわ！<br>というか動けませんわ！"""
CondMirage#27,"""いつも夢見がちな私に幻覚なんて！<br>……あら？\u3000あそこに<br>とってもおいしそうなケーキが……"""
Die#27,"""No mas... por favor dejame descansar..."""
ThankHeal#27,"""¡Gracias!"""
ThankBuff#27,"""¡Siento que me he vuelto mas fuerte!"""
ThankCure#27,"""¡Se siente refrescante!"""
DefeatEnemy#27,"""これにて一件落着、ですわ！<br>ささ、次の場所へ行きましょう"""
LevelUp#27,"""¿Podrias compartirlo conmigo tambien?"""
InvokeSkill1#26,"""¿Estas bien si te admiras?"""
InvokeSkill2#25,"""¡Esto es todo!"""
InvokeSkill3#24,"""¡Cuando tenga que hacerlo, lo hare!"""
PBFull#26,"""¡Esto esta listo!"""
PBRelease#27,"""Por favor prestame tu fuerza"""
TacticsFree#11,"""おまかせあれ！<br>今以上に自由に動いて<br>みせますわ！"""
TacticsGuard#11,"""おまかせあれ！<br>しっかり耐えてみせますわ！"""
TacticsMassedAttack#11,"""おまかせあれ！<br>集中攻撃といきましょう！"""
TacticsAttack#11,"""おまかせあれ！<br>って、私が囮なのですか！？"""
Avoid#27,"""¡Brillante evasion!"""
HealSelf#27,"""no quiero morir todavia"""
BuffSelf#27,"""¡Sigue tu falta de fuerza con ayuda!"""
HealOther#27,"""¡No te esfuerces demasiado!"""
BuffOther#27,"""¡No olvides fortalecer tus habilidades!"""
QuestStart1#27,"""Muchas gracias"""
QuestStart2#8,"""貴方様と一緒なら<br>私、何でも出来そうな気がします！<br>まあたぶん気のせいですけど！"""
QuestEnd1#27,"""ずっと、貴方様に<br>おんぶにだっこでしたけど……<br>終わりよければ、です！"""
QuestEnd2#11,"""¡Con esto, la mision esta completa!"""
IncidentStart#27,"""障害を乗り越えてこその成長！<br>どんなものでもどんとこい、ですわ！"""
IncidentSuccess#27,"""やりましたね！<br>貴方様と一緒だったから楽……<br>じゃなくて、貴方様のおかげですわ！"""
IncidentFailure#27,"""うう……<br>私、足を引っ張っちゃいましたね……"""
PSE#27,"""むむっ、むむむっ！<br>これはPSEの感じですよ！"""
PSELevelUp#27,"""やりました！<br>どんどん続けていきましょう！"""
PSEBurst#27,"""お見事ですわ！<br>これが、PSEバーストです！"""
HP30#27,"""なんだかすっごく集中的に<br>狙われている気が……"""
HP10#27,"""戦力分析、出来ていますわね。<br>もっとも弱い私を叩いてくるなんて<br>……た、助けてくださーい！"""
ItemRare#27,"""¿Recogiste algo bueno?"""
DamageSmall#27,"""¡Duelo!"""
DamageMiddle#27,"""¡Guau!"""
DamageLarge#27,"""Eso es terrible..."""
Trap#27,"""ちょっ、罠とか！<br>なんでそんなのあるんです！？"""
ThankTrapRescue#27,"""Gracias por su ayuda..."""
TrapRescueOther#27,"""罠に気をつけてくださいね！<br>私もさっきひっかかりそうに<br>なりましたから！"""
MemberDamaged#27,"""¡No te esfuerces demasiado!"""
MemberDead#27,"""……許せません。<br>絶対に、許せませんわ！"""
AbilityExe#27,"""ふふふ、ここからが<br>私のターン、ですわ！"""
AbilitySpecial#27,"""¡Dejamelo a mi!"""
Resurrect#27,"""¿Nos levantamos pronto?"""
PartyJoin#36,"""/ci1 1 ¡Estoy aqui!"""
Marvelous#27,"""¡Este es un gran movimiento!"""
EnemyWeak#28,"""Ni siquiera es una prueba de fuerza."""
EnemyLarge#28,"""Parece ser un desafio."""
EnemyBoss#28,"""Suficiente para el compaйero de examen"""
EnemyRare#28,"""...¿Es una especie rara?"""
EnemyBoost#28,"""Esta emitiendo una vibra siniestra."""
WeatherChange#3,"""¿Ha cambiado la direccion del viento?"""
DestroyEnemy1#28,"""Del mes proximo"""
DestroyEnemy2#28,"""Obtuve buenos datos."""
DestroyEnemy3#27,"""pasar al siguiente objetivo"""
CondFreeze#28,"""¿Esta congelado...?"""
CondBurn#28,"""¿Esta en estado de combustion?..."""
CondShock#28,"""¿Es un estado de descarga electrica?"""
CondPoison#28,"""¿Es esto... veneno...?"""
CondPanic#28,"""N-no puedo hacer juicios adecuados..."""
CondStan#28,"""La libertad fisica es un problema..."""
CondMirage#28,"""E-Es una alucinacion..."""
Die#28,"""¿El combate continuo es imposible...?"""
ThankHeal#28,"""lo siento"""
ThankBuff#28,"""agradecer"""
ThankCure#28,"""tomo mucho esfuerzo"""
DefeatEnemy#28,"""Conquistado, completado"""
LevelUp#28,"""es bueno ser fuerte"""
InvokeSkill1#27,"""Eso es todo"""
InvokeSkill2#26,"""decidir aqui"""
InvokeSkill3#25,"""no me lo perdere"""
TechFire#9,"""Quemarlo"""
TechIce#10,"""Congelar"""
TechThunder#11,"""Oh cierto no"""
TechWind#9,"""Viento"""
TechLight#11,"""luz"""
TechDark#10,"""oscuridad"""
PBFull#27,"""Parece que estas listo"""
PBRelease#28,"""Activar explosion de fotones"""
TacticsFree#12,"""Ahora movamonos libremente"""
TacticsGuard#12,"""Ahora fortalecemos nuestra defensa."""
TacticsMassedAttack#12,"""Ahora, hagamos un gran avance."""
TacticsAttack#12,"""Te dejo el seйuelo a ti."""
Avoid#28,"""lento"""
HealSelf#28,"""fue una pena"""
BuffSelf#28,"""No seas facil contigo mismo"""
HealOther#28,"""Estas demasiado descuidado"""
BuffOther#28,"""proporcionar apoyo"""
QuestStart1#28,"""comenzando la mision"""
QuestStart2#9,"""confiare en ti"""
QuestEnd1#28,"""Como se esperaba"""
QuestEnd2#12,"""Este resultado es todo gracias a ti."""
IncidentStart#28,"""雰囲気が変わったな……<br>何かが起こるぞ、気をつけろ"""
IncidentSuccess#28,"""Ese es un gran resultado"""
IncidentFailure#28,"""...Este es un resultado decepcionante."""
PSE#28,"""フォトンが揺らいでいる……<br>ＰＳＥの前兆か"""
PSELevelUp#28,"""PSE... parece que todavia continua."""
PSEBurst#28,"""これが噂に聞く<br>ＰＳＥバースト、というやつか"""
HP30#28,"""Tsk"""
HP10#28,"""Eso es malo..."""
ItemRare#28,"""eso es bueno"""
DamageSmall#28,"""Daйos menores..."""
DamageMiddle#28,"""Puaj"""
DamageLarge#28,"""...Hay mucho daйo."""
Trap#28,"""¿Es una trampa?"""
ThankTrapRescue#28,"""...Lo siento, fui salvado."""
TrapRescueOther#28,"""¿Estas bien?"""
MemberDamaged#28,"""retrocede por un momento"""
MemberDead#28,"""...No soy lo suficientemente fuerte."""
AbilityExe#28,"""Ahora viene el verdadero problema."""
AbilitySpecial#28,"""Si las cosas van asi... puedo hacerlo."""
Resurrect#28,"""...Pagare la deuda."""
PartyJoin#37,"""/ci1 1 Hagamos lo mejor que podamos para cumplir con las expectativas"""
Marvelous#28,"""es mas de lo que imaginaba"""
EnemyWeak#29,"""Ni siquiera es una prueba de fuerza."""
EnemyLarge#29,"""Parece ser un desafio."""
EnemyBoss#29,"""Suficiente para el compaйero de examen"""
EnemyRare#29,"""...¿Es una especie rara?"""
EnemyBoost#29,"""Esta emitiendo una vibra siniestra."""
WeatherChange#4,"""¿Ha cambiado la direccion del viento?"""
DestroyEnemy1#29,"""Del mes proximo"""
DestroyEnemy2#29,"""Obtuve buenos datos."""
DestroyEnemy3#28,"""pasar al siguiente objetivo"""
CondFreeze#29,"""¿Esta congelado...?"""
CondBurn#29,"""¿Esta en estado de combustion?..."""
CondShock#29,"""¿Es un estado de descarga electrica?"""
CondPoison#29,"""¿Es esto... veneno...?"""
CondPanic#29,"""N-no puedo hacer juicios adecuados..."""
CondStan#29,"""La libertad fisica es un problema..."""
CondMirage#29,"""E-Es una alucinacion..."""
Die#29,"""¿El combate continuo es imposible...?"""
ThankHeal#29,"""lo siento"""
ThankBuff#29,"""agradecer"""
ThankCure#29,"""tomo mucho esfuerzo"""
DefeatEnemy#29,"""Conquistado, completado"""
LevelUp#29,"""es bueno ser fuerte"""
InvokeSkill1#28,"""Eso es todo"""
InvokeSkill2#27,"""decidir aqui"""
InvokeSkill3#26,"""no me lo perdere"""
TechFire#10,"""Quemarlo"""
TechIce#11,"""Congelar"""
TechThunder#12,"""Oh cierto no"""
TechWind#10,"""Viento"""
TechLight#12,"""luz"""
TechDark#11,"""oscuridad"""
PBFull#28,"""Parece que estas listo"""
PBRelease#29,"""Activar explosion de fotones"""
TacticsFree#13,"""Ahora movamonos libremente"""
TacticsGuard#13,"""Ahora fortalecemos nuestra defensa."""
TacticsMassedAttack#13,"""Ahora, hagamos un gran avance."""
TacticsAttack#13,"""Te dejo el seйuelo a ti."""
Avoid#29,"""lento"""
HealSelf#29,"""fue una pena"""
BuffSelf#29,"""No seas facil contigo mismo"""
HealOther#29,"""Estas demasiado descuidado"""
BuffOther#29,"""proporcionar apoyo"""
QuestStart1#29,"""comenzando la mision"""
QuestStart2#10,"""confiare en ti"""
QuestEnd1#29,"""Como se esperaba"""
QuestEnd2#13,"""Este resultado es todo gracias a ti."""
IncidentStart#29,"""雰囲気が変わったな……<br>何かが起こるぞ、気をつけろ"""
IncidentSuccess#29,"""Ese es un gran resultado"""
IncidentFailure#29,"""...Este es un resultado decepcionante."""
PSE#29,"""フォトンが揺らいでいる……<br>ＰＳＥの前兆か"""
PSELevelUp#29,"""PSE... parece que todavia continua."""
PSEBurst#29,"""これが噂に聞く<br>ＰＳＥバースト、というやつか"""
HP30#29,"""Tsk"""
HP10#29,"""Eso es malo..."""
ItemRare#29,"""eso es bueno"""
DamageSmall#29,"""Daйos menores..."""
DamageMiddle#29,"""Puaj"""
DamageLarge#29,"""...Hay mucho daйo."""
Trap#29,"""¿Es una trampa?"""
ThankTrapRescue#29,"""...Lo siento, fui salvado."""
TrapRescueOther#29,"""¿Estas bien?"""
MemberDamaged#29,"""retrocede por un momento"""
MemberDead#29,"""...No soy lo suficientemente fuerte."""
AbilityExe#29,"""Ahora viene el verdadero problema."""
AbilitySpecial#29,"""Si las cosas van asi... puedo hacerlo."""
Resurrect#29,"""...Pagare la deuda."""
PartyJoin#38,"""/ci1 1 Hagamos lo mejor que podamos para cumplir con las expectativas"""
Marvelous#29,"""es mas de lo que imaginaba"""
IncidentJsApcBegin#34,"""/ci3 2 いいところに来てくれた。<br>少々手間取っている<br>手伝ってはくれないか？"""
IncidentJsApcFailure#32,"""……私が未熟だった。<br>退かせてもらう。"""
IncidentJsApcSuccess#34,"""/ci1 2 任務、完了。<br>協力感謝するぞ。"""
IncidentJsApcBeginEvo#33,"""/ci1 2 任務、完了……いや<br>この反応は、どうやらまだ<br>来るみたいだな。"""
EnemyWeak#30,"""あらあらあ、雑魚さんが<br>迷い込んだんですかあ？"""
EnemyLarge#30,"""大きいことはいいことですよお<br>どこを狙っても当たりますからねえ"""
EnemyBoss#30,"""すごい強そうな感じですねえ<br>楽しそうな相手ですよお"""
EnemyRare#30,"""あらあらあらあ？<br>珍しいのがうろちょろしてますねえ<br>撃ってみたいですねえ"""
EnemyBoost#30,"""あれは……なんでしょうねえ？<br>なんとも不気味で不思議で<br>こわーい感じですよお？"""
DestroyEnemy1#30,"""Jejejejejeje"""
DestroyEnemy2#30,"""¿Donde esta el proximo juguete?"""
DestroyEnemy3#29,"""いいですねえ<br>とっても楽しいですよお"""
CondFreeze#30,"""かちんこちんに<br>凍っちゃいましたねえ<br>今のリサ、とーっても冷たいですよお"""
CondBurn#30,"""Jejeje, ¿que tal la Lisa en llamas?"""
CondShock#30,"""いいですねえ、痺れる瞬間に<br>トリガーをにぎっているのが<br>たまらないですよお……"""
CondPoison#30,"""毒の気持ち悪さって<br>なかなかどうして、いいですねえ"""
CondPanic#30,"""混乱してても変わりませんよお<br>リサはいっつも混乱してるような<br>ものですからねえ"""
CondStan#30,"""短時間とはいえ<br>身動き取れないというのは……<br>そそりますねえ"""
CondMirage#30,"""よおく見えませんが<br>まあ、ばらまけば変わりませんねえ"""
Die#30,"""...No esta mal..."""
ThankHeal#30,"""Jeje, eso fue util."""
ThankBuff#30,"""Entonces hare lo mejor que pueda."""
ThankCure#30,"""すっきりしたので<br>もっと殺ってきますねえ"""
DefeatEnemy#30,"""¿No hay otros enemigos?"""
LevelUp#30,"""Te has vuelto mas fuerte"""
InvokeSkill1#29,"""Por favor no te muevas"""
InvokeSkill2#28,"""¿No se siente bien?"""
InvokeSkill3#27,"""Jejeje, por favor baila."""
PBFull#29,"""もっと楽しいこと<br>知りたいんですかあ？"""
PBRelease#30,"""Se vuelve divertido desde aqui"""
TacticsFree#14,"""Te dejare hacer lo que quieras."""
TacticsGuard#14,"""守りを固めて<br>のちのち百倍返しですねえ"""
TacticsMassedAttack#14,"""Acosemoslos intensamente"""
TacticsAttack#14,"""Enemigo de esta manera, hacia el arma."""
Avoid#30,"""¿Dios mio?"""
HealSelf#30,"""Tal vez es hora de recuperarse"""
BuffSelf#30,"""補助があれば<br>もっと楽しめそうですねえ"""
HealOther#30,"""Por favor recuperese correctamente"""
BuffOther#30,"""No te olvides del subsidio, ¿vale?"""
QuestStart1#30,"""Jeje, jejeje"""
QuestStart2#11,"""いいですよお<br>一緒に楽しみましょうねえ"""
QuestEnd1#30,"""Se acabo"""
QuestEnd2#14,"""もっとずうっと<br>楽しみたかったんですけどねえ"""
IncidentStart#30,"""Jeje, algo parece que va a pasar."""
IncidentSuccess#30,"""Parece que fue bien"""
IncidentFailure#30,"""Es frustrante, ¿no?"""
PSE#30,"""おやおやおやおや<br>これってこれってもしかして？"""
PSELevelUp#30,"""はいはいはいはい<br>どんどん続けていきましょうねえ"""
PSEBurst#30,"""ふふっ、うっとりするほど<br>すばらしいですねえ"""
HP30#30,"""estoy empezando a sentirme mejor"""
HP10#30,"""いいですねぇ……<br>このギリギリな感じ"""
ItemRare#30,"""それっていいものですよねえ<br>いいですねえ、ふふっ"""
DamageSmall#30,"""Puaj"""
DamageMiddle#30,"""Jejeje"""
DamageLarge#30,"""Yo quiero"""
Trap#30,"""罠にかかるのも<br>なかなか新鮮ですねえ"""
ThankTrapRescue#30,"""罠にかかったごっこは<br>おしまいですかあ？"""
TrapRescueOther#30,"""罠、どうでした？<br>気持ちよかったですかあ？"""
MemberDamaged#30,"""無理をしていいのは<br>リサだけですよお？"""
MemberDead#30,"""ふうん、ふむふむ……<br>これはこれは、久々に<br>怒ってきちゃいましたね"""
AbilityExe#30,"""/toge うふふっ、ふふふふっ<br>調子、出てきましたよお"""
AbilitySpecial#30,"""/toge ¡Dejalo en manos de Lisa!"""
Resurrect#30,"""buen dia"""
PartyJoin#39,"""/ci1 1 Por favor tenga cuidado."""
Marvelous#30,"""La presa ha sido capturada."""
IncidentJsApcBegin#35,"""/ci5 2 ようこそようこそ楽しい訓練ですよお。<br>でもでも訓練とはいえ、気を抜くと<br>大変なことになっちゃうかもですねえ。"""
IncidentJsApcSuccess#35,"""/ci4 3 ＶＲはいいですねえ。<br>誤射とか気にせず好き放題やれますし。<br>ではでは、また呼んでくださいねえ。"""
IncidentJsApcBeginEvo#34,"""/ci2 4 おやおやおや、新手ですか。<br>いいですねえ、期待できそうですよお。<br>もっと楽しませてくださいねえ。"""
EnemyWeak#31,"""ふふふ……このぐらいの相手なら<br>私一人でも十分ですわ！"""
EnemyLarge#31,"""大きければいいというものでは<br>ないんですからね！"""
EnemyBoss#31,"""うう……なんだか強そう……<br>見なかったことにしたいですわ"""
EnemyRare#31,"""あら？\u3000あちらにいらっしゃるのは<br>希少種というやつでは？"""
EnemyBoost#31,"""むむむ……<br>なんとも気味悪い気配をした<br>エネミーですわね……"""
WeatherChange#5,"""¿Que pasa con los cambios ambientales?"""
DestroyEnemy1#31,"""¡Lo hice!"""
DestroyEnemy2#31,"""¿Te gusta eso?"""
DestroyEnemy3#30,"""¿Lo viste?"""
CondFreeze#31,"""水もしたたるいい女……<br>って違っ、これ凍ってる！\u3000冷たっ！"""
CondBurn#31,"""燃え上がるような情熱……<br>じゃなくてすっごく熱いんですけど！"""
CondShock#31,"""痺れるほどに、刺激的……<br>というか本当に痺れが……！"""
CondPoison#31,"""ふふっ、美女は毒を隠し持つ……<br>……私、美女じゃなくていいから<br>解毒を、解毒をー！"""
CondPanic#31,"""ふふふ……<br>今なら何にも出来なさそうな<br>そんな気がしますわ！"""
CondStan#31,"""なんと言われようとも<br>私この場を一歩も動きませんわ！<br>というか動けませんわ！"""
CondMirage#31,"""いつも夢見がちな私に幻覚なんて！<br>……あら？\u3000あそこに<br>とってもおいしそうなケーキが……"""
Die#31,"""No mas... por favor dejame descansar..."""
ThankHeal#31,"""¡Gracias!"""
ThankBuff#31,"""¡Siento que me he vuelto mas fuerte!"""
ThankCure#31,"""¡Se siente refrescante!"""
DefeatEnemy#31,"""これにて一件落着、ですわ！<br>ささ、次の場所へ行きましょう"""
LevelUp#31,"""¿Podrias compartirlo conmigo tambien?"""
InvokeSkill1#30,"""¿Estas bien si te admiras?"""
InvokeSkill2#29,"""¡Esto es todo!"""
InvokeSkill3#28,"""¡Cuando tenga que hacerlo, lo hare!"""
PBFull#30,"""¡Esto esta listo!"""
PBRelease#31,"""Por favor prestame tu fuerza"""
TacticsFree#15,"""おまかせあれ！<br>今以上に自由に動いて<br>みせますわ！"""
TacticsGuard#15,"""おまかせあれ！<br>しっかり耐えてみせますわ！"""
TacticsMassedAttack#15,"""おまかせあれ！<br>集中攻撃といきましょう！"""
TacticsAttack#15,"""おまかせあれ！<br>って、私が囮なのですか！？"""
Avoid#31,"""¡Brillante evasion!"""
HealSelf#31,"""no quiero morir todavia"""
BuffSelf#31,"""¡Sigue tu falta de fuerza con ayuda!"""
HealOther#31,"""¡No te esfuerces demasiado!"""
BuffOther#31,"""¡No olvides fortalecer tus habilidades!"""
QuestStart1#31,"""Muchas gracias"""
QuestStart2#12,"""貴方様と一緒なら<br>私、何でも出来そうな気がします！<br>まあたぶん気のせいですけど！"""
QuestEnd1#31,"""ずっと、貴方様に<br>おんぶにだっこでしたけど……<br>終わりよければ、です！"""
QuestEnd2#15,"""¡Con esto, la mision esta completa!"""
IncidentStart#31,"""障害を乗り越えてこその成長！<br>どんなものでもどんとこい、ですわ！"""
IncidentSuccess#31,"""やりましたね！<br>貴方様と一緒だったから楽……<br>じゃなくて、貴方様のおかげですわ！"""
IncidentFailure#31,"""うう……<br>私、足を引っ張っちゃいましたね……"""
PSE#31,"""むむっ、むむむっ！<br>これはPSEの感じですよ！"""
PSELevelUp#31,"""やりました！<br>どんどん続けていきましょう！"""
PSEBurst#31,"""お見事ですわ！<br>これが、PSEバーストです！"""
HP30#31,"""なんだかすっごく集中的に<br>狙われている気が……"""
HP10#31,"""戦力分析、出来ていますわね。<br>もっとも弱い私を叩いてくるなんて<br>……た、助けてくださーい！"""
ItemRare#31,"""¿Recogiste algo bueno?"""
DamageSmall#31,"""¡Duelo!"""
DamageMiddle#31,"""¡Guau!"""
DamageLarge#31,"""Eso es terrible..."""
Trap#31,"""ちょっ、罠とか！<br>なんでそんなのあるんです！？"""
ThankTrapRescue#31,"""Gracias por su ayuda..."""
TrapRescueOther#31,"""罠に気をつけてくださいね！<br>私もさっきひっかかりそうに<br>なりましたから！"""
MemberDamaged#31,"""¡No te esfuerces demasiado!"""
MemberDead#31,"""……許せません。<br>絶対に、許せませんわ！"""
AbilityExe#31,"""ふふふ、ここからが<br>私のターン、ですわ！"""
AbilitySpecial#31,"""¡Dejamelo a mi!"""
Resurrect#31,"""¿Nos levantamos pronto?"""
PartyJoin#40,"""/ci1 1 ¡Estoy aqui!"""
Marvelous#31,"""¡Este es un gran movimiento!"""
IncidentJsApcBegin#36,"""/toge /ci3 2 あっ、あっ、貴方様はっ！<br>素晴らしいタイミングです！<br>手伝っていただけませんか！"""
IncidentJsApcFailure#33,"""きゅう……これ以上は無理です……<br>すみませんが、撤退します"""
IncidentJsApcSuccess#36,"""/ci2 2 いやいや、一時はどうなることかと……<br>ほんと、感謝感謝です！<br>ありがとうございました！"""
IncidentJsApcBeginEvo#35,"""/ci1 2 ふー、なんとかなって一安心……<br>……とは、いかないようですわね。<br>もう少しお付き合いいただけます？"""
EnemyWeak#32,"""¡Puedes permitirtelo!"""
EnemyLarge#32,"""ぺしゃんこにされないよう<br>気を付けていきましょう……！"""
EnemyBoss#32,"""手ごわそうな相手ですね！<br>張り切っていきましょう！"""
EnemyRare#32,"""¡Vaya, ese es un enemigo raro!"""
EnemyBoost#32,"""この雰囲気……<br>ただのエネミーじゃありません……！"""
DestroyEnemy1#32,"""¡Lo hice!"""
DestroyEnemy2#32,"""¡Aun puedo seguir!"""
DestroyEnemy3#31,"""¡Pude derrotarlo perfectamente!"""
CondFreeze#32,"""ふぇっくしょ！<br>ざ、ざぶいでず～！"""
CondBurn#32,"""あ、あつっ！<br>熱いですっ！"""
CondShock#32,"""¡Me siento entumecido...!"""
CondPoison#32,"""ううっ<br>き、気持ち悪いです……"""
CondPanic#32,"""はれれ……？<br>視界が、ぐるぐるします～"""
CondStan#32,"""¡U-No puedo moverme...!"""
CondMirage#32,"""ほぉぉー……！<br>なんだか世界が<br>ぼんやりしてます！"""
Die#32,"""やらなきゃいけないことが……<br>あるのに……"""
ThankHeal#32,"""¡Muchas gracias!"""
ThankBuff#32,"""¡Gracias por su ayuda!"""
ThankCure#32,"""Uf... me he calmado..."""
DefeatEnemy#32,"""¡Sigamos adelante!"""
LevelUp#32,"""わぁ！<br>おめでとうございます！"""
InvokeSkill1#31,"""¡Vamos!"""
InvokeSkill2#30,"""¡Con este golpe!"""
InvokeSkill3#29,"""/toge Especial... ¡Vamos! !"""
PBFull#31,"""¡Puedes ir cuando quieras!"""
PBRelease#32,"""/toge Mi foton... ¡por favor aceptalo! !"""
Avoid#32,"""¡Oye!"""
HealSelf#32,"""¡Todavia puedo hacerlo!"""
BuffSelf#32,"""¡Estoy listo!"""
HealOther#32,"""¿DE ACUERDO?"""
BuffOther#32,"""¡Esto es perfecto!"""
QuestStart1#32,"""¡Hagamos nuestro mejor esfuerzo!"""
QuestEnd1#32,"""クエストクリアですっ！<br>えへへっ、やりましたね！"""
IncidentStart#32,"""¡De alguna manera, me siento nervioso...!"""
IncidentSuccess#32,"""はぁ……はぁ……<br>リーダーのおかげで<br>何とかなりました！"""
IncidentFailure#32,"""すみません……わたしが<br>リーダーの足を引っ張ったから……"""
PSE#32,"""¿Esto es...PSE?"""
PSELevelUp#32,"""¡El nivel ha subido!"""
PSEBurst#32,"""ＰＳＥバースト！<br>何度見ても、美しいですね…！"""
HP30#32,"""はぁ……はぁ……<br>ちょっと、バテてきちゃいました……"""
HP10#32,"""Siento que estoy a punto de colapsar..."""
ItemRare#32,"""珍しいアイテムですね！<br>おめでとうございますっ！"""
DamageSmall#32,"""¡Puaj...!"""
DamageMiddle#32,"""¡Hurra!"""
DamageLarge#32,"""¡Guau! !"""
Trap#32,"""うぎゃっ！<br>罠にひっかかりましたー！"""
ThankTrapRescue#32,"""助かりました！<br>ありがとうございます！"""
TrapRescueOther#32,"""¿E-estas bien?"""
MemberDamaged#32,"""¡Dejamelo a mi!"""
MemberDead#32,"""¡No puedo perdonar...!"""
AbilityExe#32,"""¡Estoy rebosante de poder!"""
AbilitySpecial#32,"""なんだかわたし、<br>今ならどんなことでも<br>出来ちゃいそうな気がします！"""
Resurrect#32,"""Yo... no puedo morir todavia."""
PartyJoin#41,"""/toge /ci2 1 ¡Gracias!"""
Marvelous#32,"""¡Como se esperaba!"""
IncidentJsApcBegin#37,"""/ci1 1 すみません！<br>敵がいっぱいで手こずってるんです。<br>手伝ってもらえませんか？"""
IncidentJsApcFailure#34,"""ううっ、すみません。<br>わたしの力が足りないばっかりに……"""
IncidentJsApcSuccess#37,"""/ci2 2 えへへっ、やりましたね！<br>助けてくださって<br>ありがとうございました！"""
IncidentJsApcBeginEvo#36,"""/ci2 1 新手のエネミーですね。<br>油断せずにいきましょう！"""
EnemyWeak#33,"""Hagamos esto rapidamente."""
EnemyLarge#33,"""大型のエネミーね。<br>注意して。"""
EnemyBoss#33,"""相手の動きをよく見て。<br>必ず隙があるはず……"""
EnemyRare#33,"""Encontre algo raro..."""
EnemyBoost#33,"""なんて威圧感……<br>油断したら危険だわ。"""
DestroyEnemy1#33,"""Este es el lugar."""
DestroyEnemy2#33,"""Se acabo."""
DestroyEnemy3#32,"""Lo amigo."""
CondFreeze#33,"""¡Mi cuerpo esta helado...!"""
CondBurn#33,"""つっ……！<br>身体に、火が……！"""
CondShock#33,"""...! \u3000 Shi, entumecido, re..."""
CondPoison#33,"""Parece que te han envenenado..."""
CondPanic#33,"""方向感覚が狂っている……<br>厄介ね……"""
CondStan#33,"""¡Mi cuerpo no se mueve...! ?"""
CondMirage#33,"""Mi vision fue daйada..."""
Die#33,"""¿Es el final...?"""
ThankHeal#33,"""gracias."""
ThankBuff#33,"""Eso es util..."""
ThankCure#33,"""Estoy seguro de que esto funcionara."""
DefeatEnemy#33,"""Parece que esta zona es segura."""
LevelUp#33,"""Oh, eso es genial."""
TechFire#11,"""Quemalo."""
TechIce#12,"""Por favor, congela..."""
TechThunder#13,"""Rugido...!"""
TechWind#11,"""¡Se agita el viento...!"""
TechLight#13,"""Usando la luz como poder..."""
TechDark#12,"""Estar cubierto de oscuridad."""
PBFull#32,"""Estoy lleno de poder..."""
PBRelease#33,"""¡Ahora puedo irme...!"""
Avoid#33,"""¡Ja!"""
HealSelf#33,"""Estoy bien con esto."""
BuffSelf#33,"""Atacare desde aqui."""
HealOther#33,"""No te excedas..."""
BuffOther#33,"""Yo te apoyo."""
QuestStart1#33,"""Calmemonos."""
QuestEnd1#33,"""Mision completa."""
IncidentStart#33,"""Primero que nada, comprenda la situacion..."""
IncidentSuccess#33,"""Parece que salio bien."""
IncidentFailure#33,"""……失敗ね。<br>この反省……次に活かすわ……"""
PSE#33,"""Parece que se ha producido PSE."""
PSELevelUp#33,"""El nivel de PSE esta aumentando..."""
PSEBurst#33,"""ＰＳＥバースト……<br>この恩恵を有効活用しましょう。"""
HP30#33,"""No es nada de que preocuparse..."""
HP10#33,"""Esto... es duro..."""
ItemRare#33,"""希少なアイテムね。<br>……良かったじゃない。"""
DamageSmall#33,"""Kuuu...!"""
DamageMiddle#33,"""ingredientes……!"""
DamageLarge#33,"""Uf... ¡Ku...!"""
Trap#33,"""¡Es una trampa...!"""
ThankTrapRescue#33,"""Eso me ayuda..."""
TrapRescueOther#33,"""¿Estas bien?"""
MemberDamaged#33,"""¡Seguro! ?"""
MemberDead#33,"""くっ……<br>なんてこと……！"""
AbilityExe#33,"""Mi cuerpo se siente mejor que de costumbre..."""
AbilitySpecial#33,"""Voy con todas mis fuerzas..."""
Resurrect#33,"""¡Aun puedo luchar...!"""
PartyJoin#42,"""/ci1 Encantado de conocerte..."""
Marvelous#33,"""...¿No es asombroso?"""
IncidentJsApcBegin#38,"""/ci1 1 ちょっと私の手に余る<br>事態なのだけれど……<br>よければ手伝ってくれないかしら？"""
IncidentJsApcFailure#35,"""ごめんなさい……<br>私は退却するわ……"""
IncidentJsApcSuccess#38,"""/ci1 1 ありがとう……<br>おかげで切り抜けられたわ。"""
IncidentJsApcBeginEvo#37,"""/ci1 2 まだ出てくるのね。<br>息をつく暇も無いわ……"""
EnemyWeak#34,"""Jeje, ¿no es lindo?"""
EnemyLarge#34,"""Oh, ¿a mi tambien me gustan los grandes...?"""
EnemyBoss#34,"""すっごく立派ねぇ……ス・テ・キ！<br>じっくり……楽しみましょう♪"""
EnemyRare#34,"""Eso es bueno... Me encantan las especies raras."""
EnemyBoost#34,"""こんなに真っ赤になって……<br>うふふ、カワイイ"""
DestroyEnemy1#34,"""que lindo"""
DestroyEnemy2#34,"""Oh, ¿ya terminas?"""
DestroyEnemy3#33,"""¿El proximo, viene?"""
CondFreeze#34,"""さ、寒いのぉ……<br>お願い、アナタの体で温めて！"""
CondBurn#34,"""ふう、暑くなってきちゃった……<br>この水着、脱いでもいいわよね？"""
CondShock#34,"""あぁん！\u3000ビリビリしてるぅ！<br>ん……クセになりそう……"""
CondPoison#34,"""ふう、ちょっと酔っちゃった……<br>アナタのマイルームで休みましょ？"""
CondPanic#34,"""アタシと水着と<br>どっちが好きなのっ……！？"""
CondStan#34,"""あんまり見ないでぇ……<br>この水着、布が多くて恥ずかしいの……"""
CondMirage#34,"""うふふふ……<br>よりどりみどりだわぁ……"""
Die#34,"""Ah... ya no puedo levantarme..."""
ThankHeal#34,"""あらぁ、ありがと。<br>あとでイイコトしてあ・げ・る♪"""
ThankBuff#34,"""うふふ、ありがと。<br>いい気持ちよ"""
ThankCure#34,"""助かったわ。<br>お礼は、なにがいい？"""
DefeatEnemy#34,"""もうおしまい？<br>早すぎよぉ、もっと粘ってくれなくちゃ"""
LevelUp#34,"""Ah, me siento fuerte otra vez."""
InvokeSkill1#32,"""大丈夫よぉ。<br>痛いのは、最初だけだからぁん！"""
InvokeSkill2#31,"""うふふ……<br>たっぷり楽しませて……あ・げ・る！"""
InvokeSkill3#30,"""悪い子ね……<br>どこを責めてほしいの？"""
PBFull#33,"""準備オッケーよ……<br>いつでも来て！"""
PBRelease#34,"""¡Muestrame algo bueno, a-ge-ru!"""
Avoid#34,"""¡Mugir! \u3000¡No yeguas imprudentes!"""
HealSelf#34,"""Uf..."""
BuffSelf#34,"""Me dan escalofrios..."""
HealOther#34,"""te curare"""
BuffOther#34,"""うふふ……<br>こうすると、どうなるのかしら？"""
QuestStart1#34,"""es momento divertido"""
QuestEnd1#34,"""うふふ、お疲れさま。<br>よく頑張ったわね"""
IncidentStart#34,"""じゃあ、見ててあげるから<br>やってごらんなさい？"""
IncidentSuccess#34,"""とっても上手だったわ。<br>なでなでしてあげるわね"""
IncidentFailure#34,"""もっと露出の高い水着なら<br>アタシも力を発揮できたのに……"""
PSE#34,"""ＰＳＥね。<br>オトナの階段、昇っちゃいましょ？"""
PSELevelUp#34,"""感じる……感じるわぁ……！<br>もっと高めて！\u3000ＰＳＥ！"""
PSEBurst#34,"""さあ、いっちゃいなさい！<br>ＰＳＥバースト！"""
HP30#34,"""Mmmm... uf..."""
HP10#34,"""んんっ……<br>も、もう……"""
ItemRare#34,"""そのアイテムとアタシ……<br>交換なんてどう？<br>サービスするからぁん！"""
DamageSmall#34,"""De ninguna manera"""
DamageMiddle#34,"""Ahhhhh"""
DamageLarge#34,"""¡Eh!"""
Trap#34,"""やだぁ、拘束されちゃったぁ。<br>これ、すごい……っ……！"""
ThankTrapRescue#34,"""もぅ、ここからだったのにぃ……<br>責任……とってね"""
TrapRescueOther#34,"""アナタが、かかっていいのは……<br>アタシの甘い罠だけよ"""
MemberDamaged#34,"""Aun puedes aguantar, ¿verdad?"""
MemberDead#34,"""あ、あ……<br>しょうがないコねぇ"""
AbilityExe#34,"""はぁん……<br>すごく調子がイイわっ！"""
AbilitySpecial#34,"""ふふ、ふふふふ……満ちてきたわ。<br>アタシの本気、見せてあげる。<br>さあ、最後までいくわよっ！"""
Resurrect#34,"""たぎるわ……みなぎるわ……！<br>まだまだやれるっ……！"""
PartyJoin#43,"""/ci9 3 Nominado Arigato. hare lo mejor que pueda"""
Marvelous#34,"""うふふ……<br>食べちゃいたいくらい魅力的よ"""
IncidentJsApcBegin#39,"""/ci2 2 もぅ、この子たちってば……<br>遊びなのに、本気になっちゃって。<br>リーダー、相手してあげましょ♪"""
IncidentJsApcFailure#36,"""あぁん、もうダメ！<br>疲れちゃったぁ……<br>リーダー……激しすぎよぉ……"""
IncidentJsApcSuccess#39,"""/ci9 4 うふふ、楽しかったわ。<br>また一緒に楽しみましょう。<br>今度はふたりで……ね？"""
IncidentJsApcBeginEvo#38,"""/ci2 2 もっとしたいの？<br>ふふふ、欲しがりさんね♪"""
EnemyWeak#35,"""んん？<br>あんまり強くない、かな？"""
EnemyLarge#35,"""Es tan... tan grande..."""
EnemyBoss#35,"""Ha llegado una persona problematica..."""
EnemyRare#35,"""すっごいレアな種ね<br>ついてるかも……"""
EnemyBoost#35,"""この感じは……<br>よくない雰囲気ですよ"""
DestroyEnemy1#35,"""Lo hice"""
DestroyEnemy2#35,"""he decidido"""
DestroyEnemy3#34,"""¡Decide con gracia!"""
CondFreeze#35,"""Hace frio..."""
CondBurn#35,"""Puede que haga calor..."""
CondShock#35,"""Estoy hormigueando..."""
CondPoison#35,"""sintiendome mal……"""
CondPanic#35,"""ぐるぐるして……<br>なんだろ、コレ……"""
CondStan#35,"""perdi la cabeza..."""
CondMirage#35,"""Hay algo mal con mi vision..."""
Die#35,"""Hermana..."""
ThankHeal#35,"""gracias"""
ThankBuff#35,"""esfuerzate mas"""
ThankCure#35,"""Sientete renovado"""
DefeatEnemy#35,"""¿Se acabo por ahora?"""
LevelUp#35,"""es bueno ser fuerte"""
InvokeSkill1#33,"""こういうのは<br>パティちゃんの役目だよ"""
TechFire#12,"""Odio el desperdicio"""
TechIce#13,"""no te dejare escapar"""
TechThunder#14,"""¿Puedo verlo aunque?"""
TechWind#12,"""Puedes hacer muchas cosas, ¿verdad?"""
TechLight#14,"""Dejame la tecnica a mi."""
TechDark#13,"""terminarlo"""
PBFull#34,"""Cuando me enojo, tambien me enojo."""
PBRelease#35,"""Numero dos, tia. Voy"""
TacticsFree#16,"""Bueno, entonces soy libre de hacerlo."""
TacticsGuard#16,"""防御を固めて隙をうかがう<br>常套戦術ね"""
TacticsMassedAttack#16,"""一点集中……<br>合理的だと思う"""
TacticsAttack#16,"""yo atraigo"""
Avoid#35,"""decepcionante"""
HealSelf#35,"""No me caere tan facilmente"""
BuffSelf#35,"""No me olvidare de la asistencia."""
HealOther#35,"""Apunta a una pronta recuperacion"""
BuffOther#35,"""No olvides fortalecer tus habilidades."""
QuestStart1#35,"""Bueno entonces, encantado de conocerte"""
QuestEnd1#35,"""¿Se acabo?"""
IncidentStart#35,"""tengo la sensacion de que algo esta por pasar"""
IncidentSuccess#35,"""Parece que fue exitoso"""
IncidentFailure#35,"""El fracaso es la fuente del exito."""
PSE#35,"""フォトンの活性化……？<br>始まったみたい"""
PSELevelUp#35,"""sigamos mas lejos"""
PSEBurst#35,"""ここまで<br>活性化するものなのね"""
HP30#35,"""todavia estoy bien"""
HP10#35,"""Puede que sea un poco... picante."""
ItemRare#35,"""Eso parece algo bueno"""
DamageSmall#35,"""tsutsu"""
DamageMiddle#35,"""¡Kyaah!"""
DamageLarge#35,"""¡Alli estaba!"""
Trap#35,"""Maldita sea... es una trampa como esta."""
ThankTrapRescue#35,"""Eso es util"""
TrapRescueOther#35,"""¿DE ACUERDO?"""
MemberDamaged#35,"""Esta prohibido exagerar"""
MemberDead#35,"""...no lo perdonare"""
AbilityExe#35,"""/toge 調子が出てきたから<br>私も頑張っちゃうかも"""
AbilitySpecial#35,"""/toge dejamelo a mi"""
Resurrect#35,"""Tal vez fui demasiado descuidado"""
PartyJoin#44,"""/ci1 1 Haz tu mejor esfuerzo"""
Marvelous#35,"""...Muy facil"""
IncidentJsMultiApcBegin#1,"""/mn19 /ci5 1 さっきまで敵に囲まれて<br>泣きそうになっていた子が<br>わたしの隣に居るんだけど"""
IncidentJsMultiApcSuccess#1,"""/ci2 1 はいはい、お荷物になっちゃうから<br>早く帰るよパティちゃん<br>助けてくれて、ありがとう"""
EnemyWeak#36,"""およ、およよ？<br>これは楽ちんっぽいね！"""
EnemyLarge#36,"""Es tan... tan grande..."""
EnemyBoss#36,"""¡Ha llegado un oponente dificil!"""
EnemyRare#36,"""おーっ！<br>あれあれ、珍しいやつだよー！"""
EnemyBoost#36,"""うわっ、うわわっ！<br>ビンビンにヤな予感……！"""
DestroyEnemy1#36,"""¡Bien!"""
DestroyEnemy2#36,"""¿Que clase de cosa es esa?"""
DestroyEnemy3#35,"""¡Resultado hermoso!"""
CondFreeze#36,"""¡Haz clic, haz clic!"""
CondBurn#36,"""メラメラと燃えてきた！<br>あちっ、あちちっ！"""
CondShock#36,"""¡Puedo sentir el entumecimiento!"""
CondPoison#36,"""Uf, es tan incomodo..."""
CondPanic#36,"""ぐるぐるでー、ぐらぐらー！<br>あはははっ！"""
CondStan#36,"""mi cuerpo no se mueve bien"""
CondMirage#36,"""ぼやけてかすんで<br>なんだか視界がすっごい！"""
Die#36,"""Tia..."""
ThankHeal#36,"""¡Gracias!"""
ThankBuff#36,"""¡Me encanta la gente inteligente!"""
ThankCure#36,"""¡Sientete renovado, hagamos nuestro mejor esfuerzo!"""
DefeatEnemy#36,"""Mmmm, ¿ya terminaste?"""
LevelUp#36,"""¡Hurra! \u3000¡Guau!"""
InvokeSkill1#34,"""¡Vamos!"""
InvokeSkill2#32,"""¡Arranca!"""
InvokeSkill3#31,"""¡Vamos a hacerlo!"""
TechLight#15,"""¡Imita a Tia!"""
PBFull#35,"""むっかー！<br>腹立ってきたよ！"""
PBRelease#36,"""¡Primero que nada, Paty! \u3000¡Vamos!"""
TacticsFree#17,"""¡Vayamos libremente!"""
TacticsGuard#17,"""防御は最大の攻撃って<br>どこかの誰かが言ってたよー！"""
TacticsMassedAttack#17,"""悪いけどこれ、戦いだから……<br>狙いうち狙いうちっ！"""
TacticsAttack#17,"""¡Oye, oye, ven aqui!"""
Avoid#36,"""¡Vamos a hacerlo!"""
HealSelf#36,"""やれるかと思った？<br>残念、回復でしたー！"""
BuffSelf#36,"""こう見えても<br>準備は欠かさないんだよー！"""
HealOther#36,"""¡La recuperacion es rapida!"""
BuffOther#36,"""¡Lo compartire contigo!"""
QuestStart1#36,"""Pues bien, ¡vamonos!"""
QuestEnd1#36,"""¡Ay, vaya!"""
IncidentStart#36,"""Mmm, ¡siento que se avecinan problemas!"""
IncidentSuccess#36,"""¡Exitazo!"""
IncidentFailure#36,"""Bueno, ¡a veces pasan cosas como esta!"""
PSE#36,"""¡Oh, algo ha empezado!"""
PSELevelUp#36,"""¡Sigamos adelante!"""
PSEBurst#36,"""うっはー<br>こりゃすっごいねー！"""
HP30#36,"""¡Aun estoy bien!"""
HP10#36,"""O parece que no puedo obtener suficiente energia..."""
ItemRare#36,"""あー、ずっこい！<br>いーなー！"""
DamageSmall#36,"""¡Alli estaba!"""
DamageMiddle#36,"""¡Hurra!"""
DamageLarge#36,"""¡Itai!"""
Trap#36,"""罠にかかる女の子ってのも<br>なかなかそそる……って<br>そうじゃない、助けてー！"""
ThankTrapRescue#36,"""Uf, gracias"""
TrapRescueOther#36,"""¡Un rescate brillante!"""
MemberDamaged#36,"""¿Estas bien? \u3000 ¡No seas imprudente!"""
MemberDead#36,"""¡Hasta yo me enojo...!"""
AbilityExe#36,"""/toge よーし、調子出てきたし<br>お姉ちゃんがんばっちゃうぞー！"""
AbilitySpecial#36,"""/toge ¡Dejamelo a mi!"""
Resurrect#36,"""¡Uf, puedo ver el rio!"""
PartyJoin#45,"""/ci1 1 ¡Si, si! \u3000¡Hare lo mejor que pueda!"""
Marvelous#36,"""No, es facil, es facil."""
IncidentJsMultiApcBegin#2,"""/mn15 /toge /ci2 1 愛と勇気の美少女戦士<br>パティちゃん、推参！<br>泣く子はいねーがー！"""
IncidentJsMultiApcSuccess#2,"""/mn15 /toge /ci2 1 へっへーん、どう？どう？<br>あたし強いでしょ！\u3000最強でしょー！<br>褒めてくれてもいいんだよー！"""
EnemyWeak#37,"""¡El no es nuestro enemigo!"""
EnemyLarge#37,"""おやおや、ずいぶん大きいやつだ<br>だが、僕たちにかかれば！"""
EnemyBoss#37,"""強さが全てじゃない……<br>僕たちがそれを教えてあげよう！"""
EnemyRare#37,"""見たまえ！<br>あれは珍しいやつだよ！"""
EnemyBoost#37,"""ずいぶんやる気のようだけど<br>僕たちの絆に勝てるかな？"""
DestroyEnemy1#37,"""¡hermoso!"""
DestroyEnemy2#37,"""¡Bien hecho!"""
DestroyEnemy3#36,"""¡Lo crei!"""
CondFreeze#37,"""身体は凍ってしまったが<br>僕の愛情は燃えたぎっている！"""
CondBurn#37,"""ははは、なんて熱さなんだ……<br>まるで、僕の愛情のようだね！"""
CondShock#37,"""この程度の痺れでは<br>僕たちの絆は止められない！"""
CondPoison#37,"""この身に毒を受けたとしても<br>愛する子達は守り抜くよ！"""
CondPanic#37,"""世界がぐるぐる回っているが<br>この子達がいてくれるから、問題ない！"""
CondStan#37,"""動けないとしても……<br>僕の側には、この子がいる！"""
CondMirage#37,"""ふふ、幻覚とは無駄なこと……<br>元より、この子達しか見ていない！"""
Die#37,"""¡Mis amados hijos... solo...!"""
ThankHeal#37,"""¡Gracias!"""
ThankBuff#37,"""¡Ayuda!"""
ThankCure#37,"""Uf, me he calmado."""
DefeatEnemy#37,"""¡Ahora sigamos adelante!"""
LevelUp#37,"""/toge ¡Eres tan confiable, amigo mio!"""
InvokeSkill1#35,"""¡Te lo dejo a ti, mi querida niйa!"""
InvokeSkill2#33,"""¡Muestre el poder de los bonos!"""
InvokeSkill3#32,"""¡Ahora usamos!"""
PBFull#36,"""¡Ahora estas listo!"""
PBRelease#37,"""/toge ¡Entreguemos un conjunto con todo nuestro corazon y alma!"""
TacticsFree#18,"""¡Te dejare hacer lo que quieras, amigo mio!"""
TacticsGuard#18,"""¡Ahora es el momento de tener paciencia, amigo mio!"""
TacticsMassedAttack#18,"""¡Es un ataque concentrado, lo entiendo, amigo mio!"""
TacticsAttack#18,"""¡Dejame el seйuelo a mi!"""
Avoid#37,"""¡Ja!"""
HealSelf#37,"""no puedo dejar que suceda"""
BuffSelf#37,"""Supongo que me asegurare de que la situacion sea perfecta y aceptare el desafio."""
HealOther#37,"""¿Estas bien?"""
BuffOther#37,"""No bajes la guardia."""
QuestStart1#37,"""Comenzamos mis amados hijos."""
QuestEnd1#37,"""やったねマイフレンド！<br>僕たちの絆の勝利だ！"""
QuestEnd2#16,"""¡Como era de esperar, amigo mio!"""
IncidentStart#37,"""Amigo mio, ¡parece que algo va a pasar!"""
IncidentSuccess#37,"""やれやれ、びっくりしたけど<br>なんとかなったね！"""
IncidentFailure#37,"""...Mi respuesta fue mala."""
PSE#37,"""僕の子たちが騒いでる……<br>これは、ＰＳＥかな？"""
PSELevelUp#37,"""sigamos mas lejos"""
PSEBurst#37,"""見えるかい、みんな……<br>なんて美しい、ＰＳＥバースト……！"""
HP30#37,"""こんな無様な様子じゃ<br>僕の子達に見放されてしまうな……"""
HP10#37,"""僕の愛する子達のために<br>まだ倒れるわけにはいかない！"""
ItemRare#37,"""おや、それはいいものじゃないか！<br>おめでとう、マイフレンド！"""
DamageSmall#37,"""Puaj"""
DamageMiddle#37,"""liebre"""
DamageLarge#37,"""¡Eso es todo!"""
Trap#37,"""しまった！\u3000僕の子達を見ることに<br>集中するあまり、罠が見えず……！"""
ThankTrapRescue#37,"""¡Gracias por tu ayuda, amigo mio!"""
TrapRescueOther#37,"""¡Mi amigo! \u3000¿Estas bien?"""
MemberDamaged#37,"""¡Quedate atras, amigo mio!"""
MemberDead#37,"""... ¡Bien hecho, amigo mio!"""
AbilityExe#37,"""はははっ！\u3000僕も僕の子達も<br>テンションマックス！\u3000絶好調さ！"""
AbilitySpecial#37,"""¡Siento que ahora puedo hacer cualquier cosa!"""
Resurrect#37,"""... ¡Uf, me preocupas, amigo mio!"""
PartyJoin#46,"""/toge /ci2 1 ¡Hola amigo!"""
Marvelous#37,"""/toge ¡Nosotros tampoco podemos darnos el lujo de perder!"""
IncidentJsApcBegin#40,"""/ci2 1 マイフレンド！\u3000良いところに！<br>少し手伝ってもらえないだろうか！"""
IncidentJsApcFailure#37,"""すまないマイフレンド……<br>僕は先に下がらせてもらうよ"""
IncidentJsApcSuccess#40,"""/ci2 1 助かったよ、マイフレンド！<br>僕の子達も、ありがとう、だってさ！"""
IncidentJsApcBeginEvo#39,"""/ci1 ...Parece que todavia esta por llegar."""
EnemyWeak#38,"""es poca cosa"""
EnemyLarge#38,"""mi cuello esta cansado"""
EnemyBoss#38,"""Necesito vencer esto"""
EnemyRare#38,"""Es raro en un lugar como este."""
EnemyBoost#38,"""...Esta atmosfera es"""
DestroyEnemy1#38,"""Se acabo"""
DestroyEnemy2#38,"""por favor muere"""
DestroyEnemy3#37,"""por favor desaparece"""
CondFreeze#38,"""Fresco..."""
CondBurn#38,"""caliente..."""
CondShock#38,"""Nervioso..."""
CondPoison#38,"""Palpitante..."""
CondPanic#38,"""Vueltas y vueltas..."""
CondStan#38,"""El movimiento..."""
CondMirage#38,"""Esponjoso..."""
Die#38,"""...Es un final natural."""
ThankHeal#38,"""gracias"""
ThankBuff#38,"""Gracias por tu apoyo"""
ThankCure#38,"""Pedimos disculpas por las molestias."""
DefeatEnemy#38,"""esta todo arreglado"""
LevelUp#38,"""la fuerza es preciosa"""
InvokeSkill1#36,"""Aunque no soy bueno en eso"""
InvokeSkill2#34,"""Hagamos lo que podamos"""
TechFire#13,"""mi deber esta aqui"""
TechIce#14,"""dejemos de movernos"""
TechThunder#15,"""no me lo perdere"""
TechWind#13,"""por favor muere"""
TechLight#16,"""¿Que opinas?"""
TechDark#14,"""por favor desaparece"""
PBFull#37,"""Ha pasado mucho tiempo desde que me senti enojado."""
PBRelease#38,"""desearia que todo desapareciera"""
TacticsFree#19,"""Ahora soy libre de hacerlo."""
TacticsGuard#19,"""No soy bueno en defensa exclusiva, pero..."""
TacticsMassedAttack#19,"""Concentremonos y apuntemos"""
TacticsAttack#19,"""私に狙われる価値が<br>あるとも思えませんが……"""
Avoid#38,"""es un desperdicio"""
HealSelf#38,"""fue una pena"""
BuffSelf#38,"""Completamente preparado para la batalla."""
HealOther#38,"""¿DE ACUERDO?"""
BuffOther#38,"""no bajes la guardia"""
QuestStart1#38,"""vamos"""
QuestStart2#13,"""<%me>様<br>よろしくお願いします"""
QuestEnd1#38,"""La situacion esta completa."""
QuestEnd2#17,"""Como era de esperar, dejame decir"""
IncidentStart#38,"""突発事象ですか<br>よくあることですね"""
IncidentSuccess#38,"""intacto"""
IncidentFailure#38,"""lo siento mucho"""
PSE#38,"""Los fotones estan excitados."""
PSELevelUp#38,"""¿Son los fotones mas activos?"""
PSEBurst#38,"""これは……<br>すごい効果ですね"""
HP30#38,"""no es un gran dolor"""
HP10#38,"""...todavia estoy vivo"""
ItemRare#38,"""felicidades"""
DamageSmall#38,"""tsutsu"""
DamageMiddle#38,"""Puaj"""
DamageLarge#38,"""duelo"""
Trap#38,"""Las trampas estan pasadas de moda..."""
ThankTrapRescue#38,"""agradecer"""
TrapRescueOther#38,"""¿Estas bien?"""
MemberDamaged#38,"""¿Estas vivo?"""
MemberDead#38,"""...No puedo perdonar esto, en absoluto."""
AbilityExe#38,"""/toge Tu cuerpo es ligero."""
AbilitySpecial#38,"""/toge Por favor dejamelo a mi"""
Resurrect#38,"""...Parece que todavia es temprano."""
PartyJoin#47,"""/ci1 1 Gracias de antemano"""
Marvelous#38,"""gran trabajo"""
IncidentJsApcBegin#41,"""/ci1 3 <%me>様。<br>お手数をおかけしますが<br>協力していただけないでしょうか？"""
IncidentJsApcFailure#38,"""……申し訳、ありません。<br>先に退かせてもらいます。"""
IncidentJsApcSuccess#41,"""/ci1 5 ご協力、感謝します。<br>本当にありがとうございました。"""
IncidentJsApcBeginEvo#40,"""/ci1 3 ...Parece que es un novato."""
EnemyWeak#39,"""El no es nuestro enemigo."""
EnemyLarge#39,"""¿Es grande?"""
EnemyBoss#39,"""Parece un enemigo formidable."""
EnemyRare#39,"""¿Ese tipo es... raro?"""
EnemyBoost#39,"""……気をつけろ。<br>禍々しいフォトンだ"""
DestroyEnemy1#39,"""Del mes proximo"""
DestroyEnemy2#39,"""no tengo otros intereses"""
CondFreeze#39,"""Si esta congelado..."""
CondBurn#39,"""Como era de esperar, hace calor..."""
CondShock#39,"""ふむ……<br>こう痺れていては、面倒だな"""
CondPoison#39,"""¡E-Es venenoso...!"""
CondPanic#39,"""Mi conciencia se vuelve nublada..."""
CondStan#39,"""¡Mis movimientos fueron bloqueados...! ?"""
CondMirage#39,"""No puedo decidir mi objetivo..."""
Die#39,"""No hay manera de que pueda colapsar en un lugar como este..."""
ThankHeal#39,"""utilitario"""
ThankBuff#39,"""agradecer"""
ThankCure#39,"""Tomo mucho esfuerzo"""
DefeatEnemy#39,"""¿Se ha despejado esta zona?"""
LevelUp#39,"""se siente bien"""
InvokeSkill1#37,"""no te dejare escapar"""
InvokeSkill2#35,"""¡Decide de una vez!"""
InvokeSkill3#33,"""¡Rappy, por favor!"""
TechFire#14,"""Quemarlo"""
TechIce#15,"""Hielo"""
TechThunder#16,"""Oh cierto no"""
TechWind#14,"""Viento"""
TechLight#17,"""luz"""
TechDark#15,"""oscuridad"""
PBFull#38,"""¿Es hora de usar la fuerza?"""
PBRelease#39,"""Protege a todos. esa es mi mision"""
Avoid#39,"""Ja ja"""
HealSelf#39,"""fue una pena"""
BuffSelf#39,"""no voy a recortar"""
HealOther#39,"""No bajes la guardia"""
BuffOther#39,"""Prepararse"""
QuestStart1#39,"""comenzando la mision"""
QuestEnd1#39,"""Como se esperaba"""
IncidentStart#39,"""Esta seйal... ¿que viene?"""
IncidentSuccess#39,"""Esa fue una respuesta apropiada."""
IncidentFailure#39,"""...Hay muchos puntos sobre los que reflexionar."""
PSE#39,"""¿Esto es...PSE?"""
PSELevelUp#39,"""los fotones estan excitados"""
PSEBurst#39,"""¿Es esta la etapa final del PSE?"""
HP30#39,"""¿Recibiste demasiado dia?"""
HP10#39,"""Cualquier cosa mas que eso seria realmente malo..."""
ItemRare#39,"""Mmmm, parece algo raro."""
DamageSmall#39,"""tsutsu"""
DamageMiddle#39,"""malo"""
DamageLarge#39,"""¡Hurra!"""
Trap#39,"""¡Es una trampa!"""
ThankTrapRescue#39,"""tomo mucho esfuerzo"""
TrapRescueOther#39,"""¿Estas bien?"""
MemberDamaged#39,"""No te excedas"""
MemberDead#39,"""...Por mucho que no valgo nada."""
AbilityExe#39,"""Hmm, mi cuerpo se siente ligero."""
AbilitySpecial#39,"""Los fotones se estan acostumbrando."""
Resurrect#39,"""...no puedo quedarme quieto"""
PartyJoin#48,"""/ci2 1 Muchas gracias"""
Marvelous#39,"""¿Es este tu poder?"""
IncidentJsApcBegin#42,"""/ci2 1 <%me>。<br>すまないが、手伝ってもらえるか？"""
IncidentJsApcFailure#39,"""……我ながら、無様だな。<br>すまない、先に退かせてもらう。"""
IncidentJsApcSuccess#42,"""/ci2 1 流石だな。噂以上だ。<br>貴方を頼ってよかった。"""
IncidentJsApcBeginEvo#41,"""/ci1 1 終わったか……？<br>……いや、まだ来るようだな。<br>もうしばらく付き合ってもらえるか？"""
EnemyWeak#40,"""¡Para un tipo asi!"""
EnemyLarge#40,"""¡Tsk, es grande!"""
EnemyBoss#40,"""¡Incluso si es un enemigo fuerte!"""
EnemyRare#40,"""¡Oh, eso es raro!"""
EnemyBoost#40,"""Este tipo... ¡no es solo algo!"""
DestroyEnemy1#40,"""¡Lo primero!"""
DestroyEnemy2#40,"""¡No te metas en mi camino!"""
DestroyEnemy3#38,"""¡Del mes proximo!"""
CondFreeze#40,"""Guaaah… ¡esta helada…!"""
CondBurn#40,"""combustion……! ?"""
CondShock#40,"""¡Mi cuerpo esta entumecido...!"""
CondPoison#40,"""¡Que veneno...!"""
CondPanic#40,"""No. Mi cabeza esta confundida..."""
CondStan#40,"""Gah, mi cuerpo... no se mueve..."""
CondMirage#40,"""¡Mi vision es extraйa...! ?"""
Die#40,"""なんて様だよ……<br>俺がやるしかない、だって……はは"""
ThankHeal#40,"""¡Gracias!"""
ThankBuff#40,"""¡Gracias!"""
ThankCure#40,"""¡Uf, eso fue util!"""
DefeatEnemy#40,"""¡Ahora sigamos adelante!"""
LevelUp#40,"""¡Felicidades!"""
InvokeSkill1#38,"""¡Esto es todo!"""
InvokeSkill2#36,"""¡Tan dulce!"""
InvokeSkill3#34,"""¿Que opinas?"""
TechFire#15,"""¡Ahi tienes!"""
TechIce#16,"""¡Ir!"""
TechThunder#17,"""¡Esto es todo!"""
TechWind#15,"""¿Que opinas?"""
TechLight#18,"""¡Dejame hacerlo!"""
TechDark#16,"""¡Tan dulce!"""
PBFull#39,"""¡No pierdas esta oportunidad!"""
PBRelease#40,"""¡Guau! !"""
Avoid#40,"""¡Ja!"""
HealSelf#40,"""¡Era un lugar peligroso!"""
BuffSelf#40,"""¡Necesitamos estar en las mejores condiciones posibles!"""
HealOther#40,"""¡No te excedas!"""
BuffOther#40,"""¡Te apoyo ahora!"""
QuestStart1#40,"""¡Muy bien, hare lo mejor que pueda!"""
QuestEnd1#40,"""¡Creo que quedo bien!"""
IncidentStart#40,"""Esta seйal... ¡algo viene!"""
IncidentSuccess#40,"""ふぅ、よかった。<br>なんとかなったみたいだ。"""
IncidentFailure#40,"""...Hmm, me pregunto que salio mal."""
PSE#40,"""¿Esto es...PSE?"""
PSELevelUp#40,"""¡Sigamos adelante!"""
PSEBurst#40,"""来た……！<br>PSEバーストだ！"""
HP30#40,"""Si sigue asi... es malo."""
HP10#40,"""Todavia no hay manera de que lo hagan..."""
ItemRare#40,"""¡Oh, encontraste algo bueno!"""
DamageSmall#40,"""Puaj"""
DamageMiddle#40,"""¡Argh!"""
DamageLarge#40,"""¡Guau!"""
Trap#40,"""¡Que, una trampa! ?"""
ThankTrapRescue#40,"""Ah, gracias, eso fue util."""
TrapRescueOther#40,"""¡Tengamos cuidado!"""
MemberDamaged#40,"""¡No te fuerces!"""
MemberDead#40,"""... ¡Bien hecho, amigo mio!"""
AbilityExe#40,"""¡Siento que estoy mejorando!"""
AbilitySpecial#40,"""¡Con este impulso, seguire adelante!"""
Resurrect#40,"""...Lo siento, baje la guardia."""
PartyJoin#49,"""/ci2 1 ¡Gracias!"""
Marvelous#40,"""¡Bien hecho!"""
IncidentJsApcBegin#43,"""/ci2 1 あっ、すみません！<br>ちょっと敵が多いので<br>手伝ってもらえないでしょうか！"""
IncidentJsApcFailure#40,"""ったぁ……やっちゃった……<br>先に退きます、すみません！"""
IncidentJsApcSuccess#43,"""/ci2 1 よーっし、大成功！<br>ありがとうございましたっ！"""
IncidentJsApcBeginEvo#42,"""/ci5 2 これで終わり……って、感じの<br>空気じゃなさそうだな……！"""
EnemyWeak#41,"""No me gusta intimidar a los debiles."""
EnemyLarge#41,"""No da miedo solo porque es grande."""
EnemyBoss#41,"""Parece que es masticable"""
EnemyRare#41,"""ふうん、こんなところに<br>いるものなのね"""
EnemyBoost#41,"""Esa forma... ¿es una locura?"""
DestroyEnemy1#41,"""A continuacion vamos"""
DestroyEnemy2#41,"""¿Es tanto?"""
DestroyEnemy3#39,"""Se acabo"""
CondFreeze#41,"""Congelacion...!"""
CondBurn#41,"""¡Un poco de fiebre...!"""
CondShock#41,"""¡Diablos, incluso si estoy entumecido...!"""
CondPoison#41,"""Uh... ¡incluso si es venenoso...!"""
CondPanic#41,"""うう、視界がぐるぐる……<br>でも……！"""
CondStan#41,"""動き封じ……？<br>面倒なことを……！"""
CondMirage#41,"""¡He bloqueado mi vision...!"""
Die#41,"""Lo siento...yo..."""
ThankHeal#41,"""Te lo agradecere."""
ThankBuff#41,"""Buena decision."""
ThankCure#41,"""Finalmente me calmo"""
DefeatEnemy#41,"""¿Has hecho todo?"""
LevelUp#41,"""Bueno, esta bien."""
InvokeSkill1#39,"""no soy dulce"""
InvokeSkill2#37,"""Simplemente elimina todo lo que se interponga en tu camino."""
InvokeSkill3#35,"""Sal de ahi rapidamente"""
PBFull#40,"""Honestamente, es un poco imprudente..."""
PBRelease#41,"""Bueno, vayamos juntos."""
TacticsFree#20,"""Te dejare hacer lo que quieras."""
TacticsGuard#20,"""Busca una oportunidad para atacar."""
TacticsMassedAttack#20,"""集中して狙う……<br>合理的な戦術ね"""
TacticsAttack#20,"""どこ見てるのかしら？<br>あたしはここよ"""
Avoid#41,"""Es tarde"""
HealSelf#41,"""Eso fue desafortunado."""
BuffSelf#41,"""No voy a escatimar esfuerzos."""
HealOther#41,"""No olvides recuperarte."""
BuffOther#41,"""Tampoco se puede subestimar el subsidio."""
QuestStart1#41,"""vamos"""
QuestStart2#14,"""また一緒なのね<br>ま、あたしは貴方と一緒なら<br>楽できるから、いいけど"""
QuestEnd1#41,"""¿Es algo como esto?"""
QuestEnd2#18,"""ま、あたしと一緒だったからね<br>それなりに頑張ったとは思うけど"""
IncidentStart#41,"""¿Viene algo?"""
IncidentSuccess#41,"""Mmmm, parece un exito."""
IncidentFailure#41,"""no me importa"""
PSE#41,"""¿Es esto lo que es PSE?"""
PSELevelUp#41,"""¿No es algo que continua?"""
PSEBurst#41,"""ふうん……これがバースト<br>フォトンの励起した状態、ね"""
HP30#41,"""lo digo en serio desde aqui"""
HP10#41,"""...No puedo creer que me esten arrinconando tan lejos."""
ItemRare#41,"""realmente no te quiero"""
DamageSmall#41,"""¡Mar maldita!"""
DamageMiddle#41,"""Puaj"""
DamageLarge#41,"""¡Guau!"""
Trap#41,"""こんな罠程度に……<br>馬鹿みたい"""
ThankTrapRescue#41,"""estare agradecido"""
TrapRescueOther#41,"""No pierdas tu tiempo"""
MemberDamaged#41,"""無理は禁物<br>一旦下がったらどう？"""
MemberDead#41,"""……あたしには関係ない<br>けど……！"""
AbilityExe#41,"""/toge Si las cosas van asi... puedo irme."""
AbilitySpecial#41,"""/toge dejamelo a mi"""
Resurrect#41,"""...No puedo morir todavia."""
PartyJoin#50,"""/ci1 1 Tenia tiempo libre."""
Marvelous#41,"""... Maria parece feliz."""
IncidentJsApcBegin#44,"""/toge /ci3 1 ……まったく、見てられない！<br>手伝ってあげるから、さっさと<br>こいつら、片付けるわよ！"""
IncidentJsApcFailure#41,"""むぅ……あたしもまだ未熟、か。<br>ごめんなさい、先に退くわ。"""
IncidentJsApcSuccess#44,"""/ci2 2 一丁上がり、っと。<br>……あたし、もう行くから<br>あんまり無理しないようにね。"""
IncidentJsApcBeginEvo#43,"""/ci1 1 ん……？\u3000やれやれ<br>どうやらまだ終わりって<br>わけにはいかなそうね。"""
EnemyWeak#42,"""El no es nuestro enemigo."""
EnemyLarge#42,"""¿Es grande?"""
EnemyBoss#42,"""Parece un enemigo formidable."""
EnemyRare#42,"""¿Ese tipo es... raro?"""
EnemyBoost#42,"""……気をつけろ。<br>禍々しいフォトンだ"""
DestroyEnemy1#42,"""Del mes proximo"""
DestroyEnemy2#42,"""no tengo otros intereses"""
CondFreeze#42,"""Si esta congelado..."""
CondBurn#42,"""Como era de esperar, hace calor..."""
CondShock#42,"""ふむ……<br>こう痺れていては、面倒だな"""
CondPoison#42,"""¡E-Es venenoso...!"""
CondPanic#42,"""Mi conciencia se vuelve nublada..."""
CondStan#42,"""¡Mis movimientos fueron bloqueados...! ?"""
CondMirage#42,"""No puedo decidir mi objetivo..."""
Die#42,"""No hay manera de que pueda colapsar en un lugar como este..."""
ThankHeal#42,"""utilitario"""
ThankBuff#42,"""agradecer"""
ThankCure#42,"""Tomo mucho esfuerzo"""
DefeatEnemy#42,"""¿Se ha despejado esta zona?"""
LevelUp#42,"""se siente bien"""
InvokeSkill1#40,"""no te dejare escapar"""
InvokeSkill2#38,"""¡Decide de una vez!"""
InvokeSkill3#36,"""¡Rappy, por favor!"""
TechFire#16,"""Quemarlo"""
TechIce#17,"""Hielo"""
TechThunder#18,"""Oh cierto no"""
TechWind#16,"""Viento"""
TechLight#19,"""luz"""
TechDark#17,"""oscuridad"""
PBFull#41,"""¿Es hora de usar la fuerza?"""
PBRelease#42,"""Protege a todos. esa es mi mision"""
Avoid#42,"""Ja ja"""
HealSelf#42,"""fue una pena"""
BuffSelf#42,"""no voy a recortar"""
HealOther#42,"""No bajes la guardia"""
BuffOther#42,"""Prepararse"""
QuestStart1#42,"""comenzando la mision"""
QuestEnd1#42,"""Como se esperaba"""
IncidentStart#42,"""Esta seйal... ¿que viene?"""
IncidentSuccess#42,"""Esa fue una respuesta apropiada."""
IncidentFailure#42,"""...Hay muchos puntos sobre los que reflexionar."""
PSE#42,"""¿Esto es...PSE?"""
PSELevelUp#42,"""los fotones estan excitados"""
PSEBurst#42,"""¿Es esta la etapa final del PSE?"""
HP30#42,"""¿Recibiste demasiado dia?"""
HP10#42,"""Cualquier cosa mas que eso seria realmente malo..."""
ItemRare#42,"""Mmmm, parece algo raro."""
DamageSmall#42,"""tsutsu"""
DamageMiddle#42,"""malo"""
DamageLarge#42,"""¡Hurra!"""
Trap#42,"""¡Es una trampa!"""
ThankTrapRescue#42,"""tomo mucho esfuerzo"""
TrapRescueOther#42,"""¿Estas bien?"""
MemberDamaged#42,"""No te excedas"""
MemberDead#42,"""...Por mucho que no valgo nada."""
AbilityExe#42,"""Hmm, mi cuerpo se siente ligero."""
AbilitySpecial#42,"""Los fotones se estan acostumbrando."""
Resurrect#42,"""...no puedo quedarme quieto"""
PartyJoin#51,"""/ci2 1 Muchas gracias"""
Marvelous#42,"""¿Es este tu poder?"""
IncidentJsApcBegin#45,"""/ci2 1 <%me>。<br>すまないが、手伝ってもらえるか？"""
IncidentJsApcFailure#42,"""……我ながら、無様だな。<br>すまない、先に退かせてもらう。"""
IncidentJsApcSuccess#45,"""/ci2 1 流石だな。噂以上だ。<br>貴方を頼ってよかった。"""
IncidentJsApcBeginEvo#44,"""/ci1 1 終わったか……？<br>……いや、まだ来るようだな。<br>もうしばらく付き合ってもらえるか？"""
EnemyWeak#43,"""¡Para un tipo asi!"""
EnemyLarge#43,"""¡Tsk, es grande!"""
EnemyBoss#43,"""¡Incluso si es un enemigo fuerte!"""
EnemyRare#43,"""¡Oh, eso es raro!"""
EnemyBoost#43,"""Este tipo... ¡no es solo algo!"""
DestroyEnemy1#43,"""¡Lo primero!"""
DestroyEnemy2#43,"""¡No te metas en mi camino!"""
DestroyEnemy3#40,"""¡Del mes proximo!"""
CondFreeze#43,"""Guaaah… ¡esta helada…!"""
CondBurn#43,"""combustion……! ?"""
CondShock#43,"""¡Mi cuerpo esta entumecido...!"""
CondPoison#43,"""¡Que veneno...!"""
CondPanic#43,"""No. Mi cabeza esta confundida..."""
CondStan#43,"""Gah, mi cuerpo... no se mueve..."""
CondMirage#43,"""¡Mi vision es extraйa...! ?"""
Die#43,"""なんて様だよ……<br>俺がやるしかない、だって……はは"""
ThankHeal#43,"""¡Gracias!"""
ThankBuff#43,"""¡Gracias!"""
ThankCure#43,"""¡Uf, eso fue util!"""
DefeatEnemy#43,"""¡Ahora sigamos adelante!"""
LevelUp#43,"""¡Felicidades!"""
InvokeSkill1#41,"""¡Esto es todo!"""
InvokeSkill2#39,"""¡Tan dulce!"""
InvokeSkill3#37,"""¿Que opinas?"""
TechFire#17,"""¡Ahi tienes!"""
TechIce#18,"""¡Ir!"""
TechThunder#19,"""¡Esto es todo!"""
TechWind#17,"""¿Que opinas?"""
TechLight#20,"""¡Dejame hacerlo!"""
TechDark#18,"""¡Tan dulce!"""
PBFull#42,"""¡No pierdas esta oportunidad!"""
PBRelease#43,"""¡Guau! !"""
Avoid#43,"""¡Ja!"""
HealSelf#43,"""¡Era un lugar peligroso!"""
BuffSelf#43,"""¡Necesitamos estar en las mejores condiciones posibles!"""
HealOther#43,"""¡No te excedas!"""
BuffOther#43,"""¡Te apoyo ahora!"""
QuestStart1#43,"""¡Muy bien, hare lo mejor que pueda!"""
QuestEnd1#43,"""¡Creo que quedo bien!"""
IncidentStart#43,"""Esta seйal... ¡algo viene!"""
IncidentSuccess#43,"""ふぅ、よかった。<br>なんとかなったみたいだ。"""
IncidentFailure#43,"""...Hmm, me pregunto que salio mal."""
PSE#43,"""¿Esto es...PSE?"""
PSELevelUp#43,"""¡Sigamos adelante!"""
PSEBurst#43,"""来た……！<br>PSEバーストだ！"""
HP30#43,"""Si sigue asi... es malo."""
HP10#43,"""Todavia no hay manera de que lo hagan..."""
ItemRare#43,"""¡Oh, encontraste algo bueno!"""
DamageSmall#43,"""Puaj"""
DamageMiddle#43,"""¡Argh!"""
DamageLarge#43,"""¡Guau!"""
Trap#43,"""¡Que, una trampa! ?"""
ThankTrapRescue#43,"""Ah, gracias, eso fue util."""
TrapRescueOther#43,"""¡Tengamos cuidado!"""
MemberDamaged#43,"""¡No te fuerces!"""
MemberDead#43,"""... ¡Bien hecho, amigo mio!"""
AbilityExe#43,"""¡Siento que estoy mejorando!"""
AbilitySpecial#43,"""¡Con este impulso, seguire adelante!"""
Resurrect#43,"""...Lo siento, baje la guardia."""
PartyJoin#52,"""/ci2 1 ¡Gracias!"""
Marvelous#43,"""¡Bien hecho!"""
IncidentJsApcBegin#46,"""/ci2 1 あっ、すみません！<br>ちょっと敵が多いので<br>手伝ってもらえないでしょうか！"""
IncidentJsApcFailure#43,"""ったぁ……やっちゃった……<br>先に退きます、すみません！"""
IncidentJsApcSuccess#46,"""/ci2 1 よーっし、大成功！<br>ありがとうございましたっ！"""
IncidentJsApcBeginEvo#45,"""/ci5 2 これで終わり……って、感じの<br>空気じゃなさそうだな……！"""
EnemyWeak#44,"""atun atun"""
EnemyLarge#44,"""¡Conviertete en el cebo del tema Chutoro, Tuna!"""
EnemyBoss#44,"""/toge 大物が来たツナ！<br>絶対にしとめるツナよ！"""
EnemyRare#44,"""¡El atun aparece como un manjar!"""
EnemyBoost#44,"""¿Es atun geneticamente modificado?"""
DestroyEnemy1#44,"""¡Sashimis!"""
DestroyEnemy2#44,"""¡Hervelo!"""
DestroyEnemy3#41,"""Kabuto a la parrilla!"""
CondFreeze#44,"""Este, atun congelado..."""
CondBurn#44,"""焼きすぎツナ！<br>炙る程度でいいツナ！"""
CondShock#44,"""El metodo de pesca Bilibili produce un atun que sabe peor..."""
CondPoison#44,"""El atun es un miembro de la familia de los peces venenosos..."""
CondPanic#44,"""マグロは一生、泳ぎ続けるツナ！<br>ぐるぐるぐーるぐーるぐるツナ～"""
CondStan#44,"""atun atun en la tabla de cortar"""
CondMirage#44,"""¡Si lo balanceas, algun dia le daras al atun!"""
Die#44,"""Ah... La frescura es la clave del atun..."""
ThankHeal#44,"""¡El atun vuelve a la normalidad!"""
ThankBuff#44,"""¡Salud tambien por el tema Chutoro!"""
ThankCure#44,"""Gracias Atun!"""
DefeatEnemy#44,"""¡El atun ahora esta hermoso!"""
LevelUp#44,"""おめでとうツナ！\u3000中トロ号も<br>「たゆまぬ努力の賜物、誇るがいい」って<br>言ってるツナ！"""
InvokeSkill1#42,"""¡Conviertete en tsumire, atun!"""
InvokeSkill2#40,"""¡Ataque de atun!"""
InvokeSkill3#38,"""¡Pesca del atun con caйa y sedal!"""
PBFull#43,"""¡El atun esta bien preparado!"""
PBRelease#44,"""¡Venir! \u3000¡Atun Daimyojin!"""
Avoid#44,"""¡Atun! ?"""
HealSelf#44,"""Quede delicioso, Atun Atun"""
BuffSelf#44,"""Asunto chutoro, ¡enciende el atun!"""
HealOther#44,"""¡El atun mejora!"""
BuffOther#44,"""¡Necesito que hagas un trabajo para mi, Tsuna!"""
QuestStart1#44,"""¿Tsuna va en busca del atun enlatado fantasma?"""
QuestEnd1#44,"""¿Que tipo de recompensa recibira Tuna?"""
IncidentStart#44,"""中トロ号が警告してるツナ！<br>気をつけるツナよ"""
IncidentSuccess#44,"""マグロ戦士にかかれば<br>どうってことないツナ"""
IncidentFailure#44,"""Atun..."""
PSE#44,"""中トロ号が「ＰＳＥ来たれり」って<br>言ってるツナ"""
PSELevelUp#44,"""¿Que paso con PSE, Tsuna?"""
PSEBurst#44,"""ＰＳＥバーストツナ！<br>それっておいしいツナか？"""
HP30#44,"""Tsuna se esta volviendo loco..."""
HP10#44,"""¡El escudo de la cuestion Chutoro tambien es un atun limite!"""
ItemRare#44,"""Learea, atun atun, atun♪"""
DamageSmall#44,"""¡Cebolla verde!"""
DamageMiddle#44,"""¡Atun al que se le salen las entraйas!"""
DamageLarge#44,"""/toge ¡Terrible atun!"""
Trap#44,"""中トロ号……<br>食べられちゃうツナか？"""
ThankTrapRescue#44,"""¡El atun, el salvavidas de Chutoro!"""
TrapRescueOther#44,"""大丈夫ツナか？<br>罠はおそろしいツナね……"""
MemberDamaged#44,"""/toge ¡Mantente fuerte Atun!"""
MemberDead#44,"""中トロ号が<br>「死んでしまうとは情けない」って<br>言ってるツナ……"""
AbilityExe#44,"""¡El atun de hoy esta tremendamente fresco!"""
AbilitySpecial#44,"""/toge マグロ戦士の本気……<br>見せてやるツナ！"""
Resurrect#44,"""マグロ戦士は<br>何度でもよみがえるツナ！"""
PartyJoin#53,"""/ci1 1 ¡Deja el atun al mar!"""
Marvelous#44,"""¡El atun parece un atun al que le dieron agua!"""
IncidentJsApcBegin#47,"""/ci2 2 渡りに船ツナ！<br>ちょっと手こずってる任務を<br>手伝ってほしいツナ！"""
IncidentJsApcFailure#44,"""マグロ大明神に<br>見放されたツナ……？"""
IncidentJsApcSuccess#47,"""/ci2 1 さっすが、あたしと中トロ号が認めた<br>マグロ戦士ツナ！"""
IncidentJsApcBeginEvo#46,"""/ci3 2 むむむ？<br>マグロ戦士の戦いは続くツナね……"""
EnemyWeak#45,"""¡Mientras esto sea suficiente...!"""
EnemyLarge#45,"""¡Tengo que esforzarme mucho...!"""
EnemyBoss#45,"""あんなの無理だよ……<br>フィジ、ジス、お願い！"""
EnemyRare#45,"""ねぇフィジ、見て見て！<br>ジス、あれってレアだよね？"""
EnemyBoost#45,"""強そう……<br>フィジとジスも手伝って！"""
DestroyEnemy1#45,"""¡Eso es todo!"""
DestroyEnemy2#45,"""Me alegro de haber podido derrotarlo."""
DestroyEnemy3#42,"""¿Ya no esta ahi...?"""
CondFreeze#45,"""た、助け……ええっ！？<br>フィジとジスも凍っちゃったの？"""
CondBurn#45,"""¡No! \u3000¡Caliente!"""
CondShock#45,"""E-estoy entumecido... ¡ahh!"""
CondPoison#45,"""Es doloroso..."""
CondPanic#45,"""こっちが、あっちで、あっちが……<br>まっすぐ進めないよぉ"""
CondStan#45,"""Parece que no puedo moverme..."""
CondMirage#45,"""No puedo adivinar bien..."""
Die#45,"""Hasta ahora..."""
ThankHeal#45,"""ありがとうございます。<br>助かりました"""
ThankBuff#45,"""¿Esta bien para mi?"""
ThankCure#45,"""フィジが急かしたみたいで<br>申し訳ないです……"""
DefeatEnemy#45,"""esto es un alivio"""
LevelUp#45,"""¡Felicidades!"""
InvokeSkill1#43,"""¡Apuntare!"""
InvokeSkill2#41,"""¡Por favor cae!"""
InvokeSkill3#39,"""¡Lo siento!"""
PBFull#44,"""estoy"""
PBRelease#45,"""¡Prestame tu fuerza!"""
Avoid#45,"""¡Jaaaa!"""
HealSelf#45,"""フィジもジスも心配しないで。<br>ほら、大丈夫だから"""
BuffSelf#45,"""Fiji, ayudame"""
HealOther#45,"""Lo arreglare ahora"""
BuffOther#45,"""わたしにはこれくらいしか<br>できないけど……"""
QuestStart1#45,"""忘れ物はないか<br>気になってきちゃう……"""
QuestEnd1#45,"""Gracias por tu arduo trabajo"""
IncidentStart#45,"""なんでしょう？<br>ジスに様子を見に行かせましょうか？"""
IncidentSuccess#45,"""Me alegro que todo haya terminado sin incidentes..."""
IncidentFailure#45,"""ごめんなさいごめんなさい！<br>わたしが足を引っぱったから……！"""
PSE#45,"""¡Es PSE!"""
PSELevelUp#45,"""¡El nivel de PSE ha aumentado!"""
PSEBurst#45,"""ＰＳＥバーストしました！<br>リーダー、どうしますか？"""
HP30#45,"""ちょっと危ないかも……<br>ジス、フォローをお願い！"""
HP10#45,"""No, te mataran..."""
ItemRare#45,"""あの……そのレア<br>触ってもいいですか？"""
DamageSmall#45,"""¡Eh!"""
DamageMiddle#45,"""¡Puaj...!"""
DamageLarge#45,"""¡Kyaah!"""
Trap#45,"""うそ……どうしてわたしだけ？<br>フィジもジスも、罠だって<br>気づいてたなら教えてよ！"""
ThankTrapRescue#45,"""Realmente no soy bueno..."""
TrapRescueOther#45,"""ケガはありませんか？<br>お役に立ててよかったです"""
MemberDamaged#45,"""¡DE ACUERDO! ?"""
MemberDead#45,"""わたしが……わたしがちゃんと<br>フォローしていれば……！"""
AbilityExe#45,"""Jeje, creo que hoy lo hare bien."""
AbilitySpecial#45,"""わたしたちの三位一体のパワー……<br>フィジ、ジス、いくよっ！"""
Resurrect#45,"""Si... esta bien ahora"""
PartyJoin#54,"""/ci1 1 ¡Hare lo mejor que pueda...!"""
Marvelous#45,"""わぁ……！<br>目を奪われちゃうね"""
IncidentJsApcBegin#48,"""/ci4 2 すみません、少し苦戦していて……<br>リーダーに手伝ってもらえたら<br>すごく心強いのですが……"""
IncidentJsApcFailure#45,"""Lo siento por no poder hacerlo bien..."""
IncidentJsApcSuccess#48,"""/ci2 1 ありがとうございました！<br>リーダーに会えてよかった……"""
IncidentJsApcBeginEvo#47,"""/ci3 1 増援……？<br>すみません、引き続きお願いします！"""
EnemyWeak#46,"""¡Por favor dejamelo a mi!"""
EnemyLarge#46,"""Es grande, ¿no?"""
EnemyBoss#46,"""/toge ¡Nos atrevemos a atacar!"""
EnemyRare#46,"""ぬぬっ？<br>なんです、アレは？"""
EnemyBoost#46,"""強敵ですね……<br>警戒しつつ突撃であります！"""
DestroyEnemy1#46,"""¡Confirma el silencio del objetivo!"""
DestroyEnemy2#46,"""Ni siquiera sirve para entrenar."""
DestroyEnemy3#43,"""¡Soy una persona que puede hacer cualquier cosa si lo intento!"""
CondFreeze#46,"""Samuire Arimafu..."""
CondBurn#46,"""¡Dios mio! \u3000¡Esta ardiendo!"""
CondShock#46,"""¡Estoy destrozado!"""
CondPoison#46,"""O tal vez mi cuerpo esta pesado..."""
CondPanic#46,"""Da vueltas y vueltas."""
CondStan#46,"""Aya, no puedo moverme..."""
CondMirage#46,"""¡No puedo apuntar correctamente...!"""
Die#46,"""ヤスミノコフ８０００Ｃ……<br>撃破、されました……"""
ThankHeal#46,"""¡Muchas gracias!"""
ThankBuff#46,"""¡Ha pasado mucho tiempo desde que estuve en medio de mucho tiempo!"""
ThankCure#46,"""ヤスミノコフ８０００Ｃ<br>異常無しであります！"""
DefeatEnemy#46,"""¡El control esta completo!"""
LevelUp#46,"""おめでとうございます！<br>私もがんばらなきゃですね！"""
InvokeSkill1#44,"""¡No se atascara!"""
InvokeSkill2#42,"""¡Yo disparare!"""
InvokeSkill3#40,"""¡fuego!"""
PBFull#45,"""¡El llenado esta completo!"""
PBRelease#46,"""¡Estamos enviando refuerzos!"""
Avoid#46,"""¡Dios mio!"""
HealSelf#46,"""Primeros auxiliares..."""
BuffSelf#46,"""¡Vamos!"""
HealOther#46,"""Esta bien ahora"""
BuffOther#46,"""¡Te apoyo!"""
QuestStart1#46,"""¡Soy el seйor Yesser!"""
QuestEnd1#46,"""¡La mision esta completa!"""
IncidentStart#46,"""ぬぬっ！\u3000緊急事態ですか？<br>急行するであります！"""
IncidentSuccess#46,"""対処完了ですね。<br>無事でなによりであります！"""
IncidentFailure#46,"""状況、改善せず……<br>次こそは成功させましょう！"""
PSE#46,"""Parece PSE"""
PSELevelUp#46,"""¡Se acerca el PSE...!"""
PSEBurst#46,"""ＰＳＥバースト！<br>この機に突撃であります！"""
HP30#46,"""損傷レベル、イエロー……<br>危険域です……！"""
HP10#46,"""そ、損傷レベル、レッド……<br>助けてください……"""
ItemRare#46,"""¡Tengo un tesoro!"""
DamageSmall#46,"""¡Ah!"""
DamageMiddle#46,"""¡Sin duelo!"""
DamageLarge#46,"""Bueno, ¡todavia no!"""
Trap#46,"""Me atraparon..."""
ThankTrapRescue#46,"""お手を煩わせてしまい<br>申し訳ないであります……"""
TrapRescueOther#46,"""トラップ解除は<br>兵士の基礎スキルであります！"""
MemberDamaged#46,"""危険な状態なら<br>退避してください！"""
MemberDead#46,"""Uf, juzgue mal la situacion..."""
AbilityExe#46,"""¡Me siento bien de alguna manera!"""
AbilitySpecial#46,"""¡Hare lo mejor que pueda!"""
Resurrect#46,"""ヤスミノコフ８０００Ｃ<br>戦線に復帰するであります！"""
PartyJoin#55,"""/ci1 1 ヤスミノコフ８０００Ｃ<br>定位置につくであるます！<br>……あっ。またやってしまいました……"""
Marvelous#46,"""¡Dios mio! \u3000¡Es increible!"""
IncidentJsApcBegin#49,"""/ci2 2 あのっ、リーダー殿にお願いが！<br>少し手伝ってほしいのであります！"""
IncidentJsApcFailure#46,"""うぅ、これ以上は危険です……<br>離脱しましょう……"""
IncidentJsApcSuccess#49,"""/ci2 1 助かりました！<br>さすがはリーダー殿であります！"""
IncidentJsApcBeginEvo#48,"""/ci3 2 まだ終わってないようですね……<br>このまま突っ込むであります！"""
EnemyWeak#47,"""No puedo darme el lujo de perderlo"""
EnemyLarge#47,"""Mantendre la guardia alta y me ire."""
EnemyBoss#47,"""¡Ten cuidado!"""
EnemyRare#47,"""¿Es una especie rara?"""
EnemyBoost#47,"""Es un oponente dificil."""
DestroyEnemy1#47,"""Perdoname"""
DestroyEnemy2#47,"""que descanse en paz"""
DestroyEnemy3#44,"""Regresar al camino de la vida"""
CondFreeze#47,"""Maldita sea... soy debil contra el frio..."""
CondBurn#47,"""/toge ¿Quien es? \u3000¡Dije pollo asado!"""
CondShock#47,"""Estoy entumecido y no puedo moverme como quiero..."""
CondPoison#47,"""No tenia idea de que me estaban envenenando."""
CondPanic#47,"""Mi vision es incierta..."""
CondStan#47,"""¿Es magico? \u3000No puedo moverme..."""
CondMirage#47,"""Ningun golpe..."""
Die#47,"""油断……したか……<br>我もまだ、未熟……"""
ThankHeal#47,"""fui salvado"""
ThankBuff#47,"""no puedo soportarlo"""
ThankCure#47,"""Esta gratitud la devolvere a traves del trabajo."""
DefeatEnemy#47,"""Parece que la seguridad esta garantizada."""
LevelUp#47,"""¡Oh, me veia aun mas equivocado!"""
InvokeSkill1#45,"""¡Lanza, corte!"""
InvokeSkill2#43,"""¡Cae al suelo!"""
InvokeSkill3#41,"""¡No puedes escapar de mi lanza!"""
PBFull#46,"""¡El poder esta lleno, ha llegado el momento!"""
PBRelease#47,"""¡Bajar!"""
Avoid#47,"""Union Postal Universal"""
HealSelf#47,"""La curacion debe realizarse rapidamente."""
BuffSelf#47,"""¡No te preocupes si estas preparado!"""
HealOther#47,"""te ayudare ahora"""
BuffOther#47,"""Te otorgare bendiciones."""
QuestStart1#47,"""¡Mi sangre de guerrero fluye!"""
QuestEnd1#47,"""¿Es este el final de la mision?"""
IncidentStart#47,"""緊急事態か……<br>慌てずに対処を考えるのだ"""
IncidentSuccess#47,"""¡Fue un arreglo maravilloso!"""
IncidentFailure#47,"""想定外の事態への対処を<br>学ばねばならんな"""
PSE#47,"""PSE ha comenzado"""
PSELevelUp#47,"""El PSE aumenta constantemente."""
PSEBurst#47,"""/toge ＰＳＥバーストである！<br>たたみかけるぞ！"""
HP30#47,"""¿Te estas cansando...?"""
HP10#47,"""¡Que, todavia puedo soportarlo!"""
ItemRare#47,"""それを売って、豪華な宴を開こうぞ！<br>ハハッ、冗談だ"""
DamageSmall#47,"""¡Nuuu!"""
DamageMiddle#47,"""estaba mojado"""
DamageLarge#47,"""¡Esto es lo que quiero!"""
Trap#47,"""Lo que hice fue caer en una trampa..."""
ThankTrapRescue#47,"""Eso ayudo, muchas gracias."""
TrapRescueOther#47,"""En verdad, las trampas son pecaminosas."""
MemberDamaged#47,"""我の後ろに退避して<br>態勢を立て直すがいい！"""
MemberDead#47,"""¡No dejare que ese sacrificio se desperdicie!"""
AbilityExe#47,"""この羽にみなぎる力<br>すべて一撃に込めようぞ！"""
AbilitySpecial#47,"""¡Toma el baile volador!"""
Resurrect#47,"""我の翼はまだ折れぬ……<br>さぁ、再戦だ！"""
PartyJoin#56,"""/ci1 1 Aprendi esto, seamos de ayuda."""
Marvelous#47,"""ハハッ、爽快爽快<br>見事なり！"""
IncidentJsApcBegin#50,"""/ci2 2 ハハハッ、僥倖なり！<br>少し苦戦していてな……<br>討伐に手を貸してもらえぬか？"""
IncidentJsApcFailure#47,"""引き際を見極めよ。<br>これ以上は無茶というものぞ"""
IncidentJsApcSuccess#50,"""/ci2 1 うむ、見事であった！<br>協力に感謝する"""
IncidentJsApcBeginEvo#49,"""/ci3 1 増援のようだ。<br>さぁ、再び共闘といこうぞ！"""
EnemyWeak#48,"""es un dolor"""
EnemyLarge#48,"""¿Supongo que lo haras un poquito?"""
EnemyBoss#48,"""Esta bien, esta rodando."""
EnemyRare#48,"""Por supuesto que es fuerte, ¿verdad?"""
EnemyBoost#48,"""¡La hoja hormiguea...!"""
DestroyEnemy1#48,"""no tengo otros intereses"""
DestroyEnemy2#48,"""esta en mi camino"""
DestroyEnemy3#45,"""¿No hay algo mas masticable?"""
CondFreeze#48,"""Hace frio..."""
CondBurn#48,"""執念に身を焦がした俺には<br>似合いだろうよ"""
CondShock#48,"""この程度の妨害で<br>俺を阻めると思うなよ！"""
CondPoison#48,"""Se siente asqueroso..."""
CondPanic#48,"""¡Mar maldita! \u3000¿Una resaca...?"""
CondStan#48,"""¿Puedes quedarte quieto?"""
CondMirage#48,"""当たらねぇのは<br>俺が未熟だからなのか……？"""
Die#48,"""Maldita mar...otra vez..."""
ThankHeal#48,"""Gracias"""
ThankBuff#48,"""己の力以外に頼るのは<br>好きじゃないんだがな"""
ThankCure#48,"""Podrias haberlo dejado asi, ¿verdad?"""
DefeatEnemy#48,"""もうここに用はない<br>次へ行くぞ"""
LevelUp#48,"""Una cosa mas... parece que te has vuelto mas fuerte."""
InvokeSkill1#46,"""¡Rompelo!"""
InvokeSkill2#44,"""¡Morir!"""
InvokeSkill3#42,"""¡Mar maldita!"""
PBFull#47,"""¡Ooooooo! \u3000¡Esta aqui!"""
PBRelease#48,"""/toge ¡Este es mi poder! !"""
Avoid#48,"""¿Quieres comprarlo?"""
HealSelf#48,"""Bueno, por si acaso"""
BuffSelf#48,"""Soy reacio, pero..."""
HealOther#48,"""Se acaba cuando mueres"""
BuffOther#48,"""Probablemente lo necesites"""
QuestStart1#48,"""剣を振るう……<br>この瞬間だけが無心になれる"""
QuestEnd1#48,"""Este paso te llevara a tu objetivo."""
IncidentStart#48,"""Ocupemonos rapidamente del problema."""
IncidentSuccess#48,"""No hay manera de que pueda perder"""
IncidentFailure#48,"""Es patetico..."""
PSE#48,"""¿PSE? \u3000¿Que es?"""
PSELevelUp#48,"""Ha habido ruido desde hace un tiempo."""
PSEBurst#48,"""ＰＳＥだか知らねぇが<br>そんなことどうでもいいんだよ！"""
HP30#48,"""ningun problema"""
HP10#48,"""Incluso si muero, volvere a la vida"""
ItemRare#48,"""Tomemos una copa en lugar de Meseta."""
DamageSmall#48,"""¡Mar maldita!"""
DamageMiddle#48,"""¡Mar maldita!"""
DamageLarge#48,"""¡Argh!"""
Trap#48,"""¿Es una trampa?"""
ThankTrapRescue#48,"""tomo mucho tiempo"""
TrapRescueOther#48,"""No hay yeguas de heno, torpedos bronceados."""
MemberDamaged#48,"""/toge ¡No te mueras!"""
MemberDead#48,"""Eres idiota..."""
AbilityExe#48,"""Jeje, no me siento mal."""
AbilitySpecial#48,"""身は錆びようとも、刃は鈍らず！<br>一閃に伏してくれるわ！"""
Resurrect#48,"""Volvi a la vida otra vez..."""
PartyJoin#57,"""/ci1 1 何度も死んだ俺が教えてやるよ。<br>死ぬってことをな"""
Marvelous#48,"""いい腕だな。<br>その調子で頼む"""
IncidentJsApcBegin#51,"""/ci2 2 俺はひとりで問題ないが<br>共闘したいのなら<br>ついてきても構わないぞ"""
IncidentJsApcFailure#48,"""調子が狂ったぜ……<br>今日はもう終いだ。"""
IncidentJsApcSuccess#51,"""/ci2 1 ふっ……やるじゃねぇか。<br>悪くなかったぜ"""
IncidentJsApcBeginEvo#50,"""/ci3 1 おっと、また来たようだぞ。<br>丁重にもてなしてやるとするか"""
EnemyWeak#49,"""eliminar"""
EnemyLarge#49,"""el tamaйo no importa"""
EnemyBoss#49,"""標的を発見。<br>取り掛かりましょう"""
EnemyRare#49,"""特殊な標的です。<br>慎重に対応しましょう"""
EnemyBoost#49,"""他とは違う……<br>気をつけて対処を"""
DestroyEnemy1#49,"""Finalizacion completada"""
DestroyEnemy2#49,"""exclusion, terminacion"""
DestroyEnemy3#46,"""Se acabo"""
CondFreeze#49,"""Hace mucho frio..."""
CondBurn#49,"""F-llama..."""
CondShock#49,"""No hay problema..."""
CondPoison#49,"""Es tan venenoso..."""
CondPanic#49,"""Estoy confundido..."""
CondStan#49,"""¡Incluso si no puedo moverme ahora...!"""
CondMirage#49,"""Maldita sea, ¿me estas engaйando...?"""
Die#49,"""...en un lugar como este"""
ThankHeal#49,"""gracias"""
ThankBuff#49,"""Eso es util"""
ThankCure#49,"""助けていただいて<br>ありがとうございます"""
DefeatEnemy#49,"""この辺りの障害は<br>全て排除できたようですね"""
LevelUp#49,"""Por favor hazte mas fuerte"""
InvokeSkill1#47,"""...Eso es todo"""
InvokeSkill2#45,"""¡No te dejare escapar...!"""
InvokeSkill3#43,"""¿Terminamos?"""
TechFire#18,"""por favor quemarse"""
TechIce#19,"""por favor congelar"""
TechThunder#20,"""Por favor mar penetrado"""
TechWind#18,"""Por favor ser cortado"""
TechLight#21,"""Por favor, dejate tragar por la luz."""
TechDark#19,"""Por favor sumergete en la oscuridad"""
PBFull#48,"""La preparacion esta completa"""
PBRelease#49,"""liberar"""
Avoid#49,"""es dulce"""
HealSelf#49,"""todavia puedo hacerlo"""
BuffSelf#49,"""La batalla requiere preparacion"""
HealOther#49,"""no bajes la guardia"""
BuffOther#49,"""Estar completamente preparado"""
QuestStart1#49,"""comenzando la mision"""
QuestEnd1#49,"""Mision completada"""
IncidentStart#49,"""来ます……<br>油断は禁物です"""
IncidentSuccess#49,"""Ahora sigamos adelante"""
IncidentFailure#49,"""油断しました……<br>申し訳ありません"""
PSE#49,"""es pse"""
PSELevelUp#49,"""sigamos mas lejos"""
PSEBurst#49,"""Estallo"""
HP30#49,"""¡Todavia puedo hacerlo...!"""
HP10#49,"""Joder, si..."""
ItemRare#49,"""creo que es bueno"""
DamageSmall#49,"""tsutsu"""
DamageMiddle#49,"""tanto"""
DamageLarge#49,"""Kuuuuu"""
Trap#49,"""¡Hay una trampa en un lugar como este...! ?"""
ThankTrapRescue#49,"""No vale la pena..."""
TrapRescueOther#49,"""Por favor, sea mas consciente de su entorno."""
MemberDamaged#49,"""Es importante retirarse si es peligroso."""
MemberDead#49,"""...no lo perdonare"""
AbilityExe#49,"""me siento bien"""
AbilitySpecial#49,"""/toge ¡Mi cuerpo es ligero...!"""
Resurrect#49,"""aun no ha terminado"""
PartyJoin#58,"""/ci1 1 Gracias de antemano"""
Marvelous#49,"""Es mas de lo que esperaba"""
IncidentJsApcBegin#52,"""/ci1 3 いつもトラブルに<br>巻き込まれているんですね。<br>手助けします。"""
IncidentJsApcFailure#49,"""すみません。<br>見誤ってしまいました……<br>撤退、します……"""
IncidentJsApcSuccess#52,"""/ci1 5 無事に終わったようですね。<br>お疲れ様でした。"""
IncidentJsApcBeginEvo#51,"""/ci1 1 ……続けて来るようです。<br>油断せずに、片付けましょう。"""
EnemyWeak#50,"""lo pateare"""
EnemyLarge#50,"""eso es mucho espacio"""
EnemyBoss#50,"""es enorme"""
EnemyRare#50,"""レアエネミーじゃん！<br>よっしゃー！"""
EnemyBoost#50,"""el es un poco fuerte"""
DestroyEnemy1#50,"""Rakusho Rakusho"""
DestroyEnemy2#50,"""hola hola"""
DestroyEnemy3#47,"""¡Me lo lleve a casa!"""
CondFreeze#50,"""あーもう！\u3000凍った！<br>アンティよろー"""
CondBurn#50,"""¡Si te acercas a mi, te quemaras!"""
CondShock#50,"""Ah, me sorprendi."""
CondPoison#50,"""Venenoso. ¿Maika?"""
CondPanic#50,"""¡Vaya, la operacion esta al reves!"""
CondStan#50,"""¡Ahhh! \u3000 Revagacha!"""
CondMirage#50,"""Ah, ¿espejismo?"""
Die#50,"""Piso... esta delicioso..."""
ThankHeal#50,"""Aja. ¡Calmante!"""
ThankBuff#50,"""Vaya. Gracias"""
ThankCure#50,"""これいいよねー。<br>リアルでも寝不足や肌荒れ<br>治したいわー"""
DefeatEnemy#50,"""Supongo que es hora de volver a casa"""
LevelUp#50,"""おっ、レベル上がった？<br>いいないいなー"""
InvokeSkill1#48,"""yoto"""
InvokeSkill2#46,"""¡este!"""
InvokeSkill3#44,"""¡Mira!"""
TechFire#19,"""Eso es todo"""
TechIce#20,"""Eso es todo"""
TechThunder#21,"""Eso es todo"""
TechWind#19,"""Eso es todo"""
TechLight#22,"""Eso es todo"""
TechDark#20,"""Eso es todo"""
PBFull#49,"""Oh, el indicador de explosion se ha llenado."""
PBRelease#50,"""Oh si"""
Avoid#50,"""おわあっ！<br>あぶないなーもー"""
HealSelf#50,"""La recuperacion debe realizarse con diligencia."""
BuffSelf#50,"""lugar de pulido"""
HealOther#50,"""me recuperare"""
BuffOther#50,"""¡Buena suerte!"""
QuestStart1#50,"""¡Dejamelo a mi! \u3000¡Hagamos nuestro mejor esfuerzo!"""
QuestEnd1#50,"""Bien, vamonos a casa."""
IncidentStart#50,"""Limpiemos rapido"""
IncidentSuccess#50,"""Muy bien, ese es el final de E-Tora."""
IncidentFailure#50,"""あらら。<br>まあ気にせず次に行こうや"""
PSE#50,"""Oh, es PSE."""
PSELevelUp#50,"""se siente bien"""
PSEBurst#50,"""ひゃっはー！<br>来た来た、来たぞー！"""
HP30#50,"""HP esta disminuyendo"""
HP10#50,"""Oh no, estoy a punto de morir"""
ItemRare#50,"""レアドロいいな！<br>私にも来ーい！"""
DamageSmall#50,"""hace mucho calor"""
DamageMiddle#50,"""Oye, oye"""
DamageLarge#50,"""¡Oh, no!"""
Trap#50,"""やっべ、罠踏んだわ<br>ごめん助けてー"""
ThankTrapRescue#50,"""¡Gracias!"""
TrapRescueOther#50,"""Ten cuidado con las trampas"""
MemberDamaged#50,"""¿Esta bien?"""
MemberDead#50,"""おっと……<br>ムーン切れてる、ごめん！"""
AbilityExe#50,"""お？<br>なんかやる気でてきた！"""
AbilitySpecial#50,"""スーパーみたらし<br>ここに見参！"""
Resurrect#50,"""ふぃー<br>気を取り直してクエ消化ーっと……"""
PartyJoin#59,"""/ci1 1 ¡Muy bien, emprendamos una mision!"""
Marvelous#50,"""¡Ah, hagamoslo!"""
IncidentJsApcBegin#53,"""/ci2 2 おーっす。手伝おっか？<br>てか、まぜろや！"""
IncidentJsApcFailure#50,"""ありゃ、失敗しちゃったかー。<br>ごめんねー……"""
IncidentJsApcSuccess#53,"""/ci2 1 よっしゃ、倒したどー！<br>キミ、なかなかやるねー。<br>また会ったらよろしく！"""
IncidentJsApcBeginEvo#52,"""/toge /ci3 2 お、おお、おおお！？<br>なんか来る、来るよ！"""
EnemyWeak#51,"""vamos rapido"""
EnemyLarge#51,"""¡Ya no me asustare mas!"""
EnemyBoss#51,"""¡Hagamoslo todo de una vez!"""
EnemyRare#51,"""¿No es algo raro?"""
EnemyBoost#51,"""¡Tengamos cuidado!"""
DestroyEnemy1#51,"""yoto"""
DestroyEnemy2#51,"""¡Hurra!"""
DestroyEnemy3#48,"""¿Como es?"""
CondFreeze#51,"""¡Esto definitivamente te resfriara!"""
CondBurn#51,"""¡Esta ardiendo! \u3000¡Esta ardiendo!"""
CondShock#51,"""¡Estoy tan entumecido!"""
CondPoison#51,"""Puaj..."""
CondPanic#51,"""No puedo caminar derecho..."""
CondStan#51,"""Hace mucho calor"""
CondMirage#51,"""Mi vision es borrosa……"""
Die#51,"""Ups... lo siento..."""
ThankHeal#51,"""¡gracias!"""
ThankBuff#51,"""¡Eso es util!"""
ThankCure#51,"""あ、ありがとうございます。<br>危なかったあ……"""
DefeatEnemy#51,"""さっきのでこの辺りは<br>ラストでしたねー"""
LevelUp#51,"""¡Felicidades!"""
InvokeSkill1#49,"""¡Voy!"""
InvokeSkill2#47,"""¡Lo liebre!"""
InvokeSkill3#45,"""¡Eso es todo!"""
TechFire#20,"""¡Yo disparare!"""
TechIce#21,"""¡Yo disparare!"""
TechThunder#22,"""¡Yo disparare!"""
TechWind#20,"""¡Yo disparare!"""
TechLight#23,"""¡Yo disparare!"""
TechDark#21,"""¡Yo disparare!"""
PBFull#50,"""¡Se siente genial!"""
PBRelease#51,"""Bueno, ¡terminemos esto!"""
Avoid#51,"""¿No es peligroso?"""
HealSelf#51,"""recuperacion de recuperacion"""
BuffSelf#51,"""proporcionare asistencia"""
HealOther#51,"""me recuperare"""
BuffOther#51,"""te dare algo de ayuda"""
QuestStart1#51,"""¡Ha comenzado!"""
QuestEnd1#51,"""¡Gracias por tu arduo trabajo!"""
IncidentStart#51,"""Parece que algo ha llegado."""
IncidentSuccess#51,"""¡Lo hiciste!"""
IncidentFailure#51,"""あらら……<br>失敗しちゃいました"""
PSE#51,"""Es el pilar del PSE."""
PSELevelUp#51,"""El nivel del PSE ha aumentado."""
PSEBurst#51,"""¡Ha llegado el estallido!"""
HP30#51,"""¡Guau, oye! ?"""
HP10#51,"""やばやばっ。<br>やばいですってこれ！"""
ItemRare#51,"""おおー！<br>いいもの出ましたか？"""
DamageSmall#51,"""¡Puaj!"""
DamageMiddle#51,"""Ah..."""
DamageLarge#51,"""¡Ita!"""
Trap#51,"""¡Oye, es una trampa! ?"""
ThankTrapRescue#51,"""ぜえ、ぜえ……<br>あ、ありがとうございます……"""
TrapRescueOther#51,"""危ないところでしたね。<br>気をつけてくださいねー？"""
MemberDamaged#51,"""¡Tengamos cuidado!"""
MemberDead#51,"""/toge ああっ！<br>大丈夫ですかー！？"""
AbilityExe#51,"""¡Esta empezando a sentirse bien!"""
AbilitySpecial#51,"""¡Ahora vamos a mostrarte lo serios que somos!"""
Resurrect#51,"""¡Ha vuelto! \u3000¡El proximo sera perfecto!"""
PartyJoin#60,"""/ci1 1 ¡Encantado de conocerte!"""
Marvelous#51,"""¡Estas trabajando duro!"""
IncidentJsApcBegin#54,"""/ci2 2 あっ、どうもですー。<br>お手伝い、しましょうか？"""
IncidentJsApcFailure#51,"""あ、あれっ？<br>ごめんなさい、失敗しちゃった……<br>本当に、ごめんなさいっ！"""
IncidentJsApcSuccess#54,"""/ci2 1 Lo lograste. ¡Es Otsu!"""
IncidentJsApcBeginEvo#53,"""/ci3 1 なんとかなりましたねー……<br>って、あれ？\u3000まだなにか<br>来るんですかっ？"""
EnemyWeak#52,"""¡Ja, ahi esta!"""
EnemyLarge#52,"""貴様ら如き<br>俺の敵ではない！"""
EnemyBoss#52,"""少しは手ごたえが<br>ありそうじゃねえか！"""
EnemyRare#52,"""¡Vaya! \u3000¡Es raro!"""
EnemyBoost#52,"""気合入ってんじゃねえか。<br>ならこっちもちょっとは<br>本気だしてやるかな！"""
DestroyEnemy1#52,"""Mmmm, eso no vale la pena."""
DestroyEnemy2#52,"""¡Ayer, vamonos!"""
DestroyEnemy3#49,"""次に倒されたいやつは<br>どいつだ？"""
CondFreeze#52,"""寒獄に俺を<br>閉じ込めた、だと？"""
CondBurn#52,"""炎の鎖で俺を縛るとは<br>なかなかやるな……あっつ！"""
CondShock#52,"""雷の戒めで<br>俺の動きを止めたのか……"""
CondPoison#52,"""ぐ、毒か……<br>へへ、なかなかやるな"""
CondPanic#52,"""おわああ！<br>目が回るううう！"""
CondStan#52,"""¿Que pasa si no puedo moverme...?"""
CondMirage#52,"""すべてが、ぼやけて……<br>世界が俺を騙そうとしてるのか？"""
Die#52,"""Mierda, este soy yo..."""
ThankHeal#52,"""サンキュ！<br>助かったぜ！"""
ThankBuff#52,"""あんがとなー。<br>よっしゃ、やってやるぜ！"""
ThankCure#52,"""Vaya, eso realmente me ayudo"""
DefeatEnemy#52,"""俺の真の力の前では<br>すべてが無に還ってしまう。<br>我ながら恐ろしいぜ……"""
LevelUp#52,"""¡Ah, lo hiciste!"""
InvokeSkill1#50,"""¡No te comas a este tipo!"""
InvokeSkill2#48,"""¡No me dejes escapar!"""
InvokeSkill3#46,"""¡Estar listo!"""
TechFire#21,"""Nos vemos entonces"""
TechIce#22,"""Nos vemos entonces"""
TechThunder#23,"""Nos vemos entonces"""
TechWind#21,"""Nos vemos entonces"""
TechLight#24,"""Nos vemos entonces"""
TechDark#22,"""Nos vemos entonces"""
PBFull#51,"""¡Estar listo! ?"""
PBRelease#52,"""/toge ¡Conoce mi verdadero poder!"""
Avoid#52,"""¿Ganare?"""
HealSelf#52,"""おおっと。<br>回復回復っと"""
BuffSelf#52,"""真の力を発揮するために<br>補助は大切だからな！"""
HealOther#52,"""¡Estaria en problemas si me cayera!"""
BuffOther#52,"""Te damos verdadero poder..."""
QuestStart1#52,"""仕方ねえなあ。<br>俺がついていってやるよ。"""
QuestEnd1#52,"""¡Buen trabajo!"""
IncidentStart#52,"""algo esta viniendo"""
IncidentSuccess#52,"""このぐらい俺にかかれば<br>楽勝だってーの！"""
IncidentFailure#52,"""Tch, la cague... mi culpa."""
PSE#52,"""¡Mira ese pilar de oscuridad...!"""
PSELevelUp#52,"""¡El poder de la columna de oscuridad es cada vez mas fuerte...!"""
PSEBurst#52,"""¡Ahora comienza la fiesta oscura...!"""
HP30#52,"""Je... aun mas..."""
HP10#52,"""くっそぉ……<br>このままじゃ、やばい！"""
ItemRare#52,"""¡Vaya! \u3000¡Lo lograste!"""
DamageSmall#52,"""Oye, eso es todo."""
DamageMiddle#52,"""Grr..."""
DamageLarge#52,"""Estoy bastante dispuesto a hacerlo..."""
Trap#52,"""罠にかかっちまった。<br>ダセーな……"""
ThankTrapRescue#52,"""ありがとよ。<br>前から思ってたけど<br>お前って有能だよな！"""
TrapRescueOther#52,"""¡Ten cuidado!"""
MemberDamaged#52,"""¡No te excedas!"""
MemberDead#52,"""/toge あーもー！<br>無理すんなって言っただろー！"""
AbilityExe#52,"""Es algo agradable, ¿no?"""
AbilitySpecial#52,"""¡Te mostrare mi verdadero poder!"""
Resurrect#52,"""¡El yo revivido es un poco diferente!"""
PartyJoin#61,"""/ci1 1 おっ、よろしくな！<br>どこいくんだ？"""
Marvelous#52,"""やるな！<br>俺も負けてられねえぜ！"""
IncidentJsApcBegin#55,"""/ci2 2 俺が助けに来てやったぜ！<br>さあ、ささっと片付けて<br>クリアしちまうぞ！"""
IncidentJsApcFailure#52,"""あちゃー、失敗しちまったかー。<br>ごめんなー、力になれなくて。"""
IncidentJsApcSuccess#55,"""/ci2 1 よっしゃ！\u3000クリア！<br>お前もなかなかやるな！<br>また、よろしくな！"""
IncidentJsApcBeginEvo#54,"""/ci3 2 よーし……ん？<br>まだ気を抜くのは早いようだな！"""
EnemyWeak#53,"""es insignificante"""
EnemyLarge#53,"""大きさは中々のようだが……<br>強さはどれほどのものかな？"""
EnemyBoss#53,"""Mmmm, parece que vale la pena investigar esto."""
EnemyRare#53,"""Parece una especie rara."""
EnemyBoost#53,"""Estas mostrando una reaccion extraйa."""
DestroyEnemy1#53,"""No me importa nada mas"""
DestroyEnemy2#53,"""Es mas o menos asi"""
DestroyEnemy3#50,"""Esto tambien es resultado de investigaciones."""
CondFreeze#53,"""¡Gah, es un ataque congelante...!"""
CondBurn#53,"""Las quemaduras son otro problema."""
CondShock#53,"""¡Tengo entumecimiento en las manos y los pies...!"""
CondPoison#53,"""毒とはね……<br>ぐっ、なかなか応えるじゃないか"""
CondPanic#53,"""/toge ど、どういうことだ！<br>いったいなにが起きている！？"""
CondStan#53,"""¡Maldita sea! \u3000Estoy inconsciente"""
CondMirage#53,"""視覚に異常……？<br>これは厄介な状況だ"""
Die#53,"""De ninguna manera... soy yo..."""
ThankHeal#53,"""傷が癒えていく……<br>これならまだ戦えそうだ"""
ThankBuff#53,"""能力向上の術式か<br>これはまた便利な力だ"""
ThankCure#53,"""不調が治まった<br>感謝するよ"""
DefeatEnemy#53,"""Tal vez fui demasiado lejos"""
LevelUp#53,"""¿Estas diciendo que todavia te estas volviendo mas fuerte?"""
InvokeSkill1#51,"""¿Que tal esto?"""
InvokeSkill2#49,"""no quiero que me lamas"""
InvokeSkill3#47,"""no voy a recortar"""
TechFire#22,"""Quemarlo"""
TechIce#23,"""¡Congelar!"""
TechThunder#24,"""¿Que tal un rayo?"""
TechWind#22,"""lo cortare"""
TechLight#25,"""¡Luz, penetra!"""
TechDark#23,"""¡Oscuridad, usala!"""
PBFull#52,"""Supongo que ya era hora"""
PBRelease#53,"""Te mostramos los resultados de nuestra investigacion."""
Avoid#53,"""¿No es peligroso?"""
HealSelf#53,"""me protegere"""
BuffSelf#53,"""necesito tomar medidas"""
HealOther#53,"""No es algo que se pueda hacer imprudentemente."""
BuffOther#53,"""te prestare mi fuerza"""
QuestStart1#53,"""Empecemos el experimento."""
QuestEnd1#53,"""Mmmm, parece que se acabo."""
IncidentStart#53,"""この反応……<br>なにか来るようだ<br>注意したまえ"""
IncidentSuccess#53,"""Parece que se aclaro"""
IncidentFailure#53,"""これ以上は無駄……か<br>残念だが諦めよう"""
PSE#53,"""観測値に変化が……<br>よい傾向だ"""
PSELevelUp#53,"""Oh, ¿aun se esta desarrollando?"""
PSEBurst#53,"""¡Este es un fenomeno interesante!"""
HP30#53,"""この僕がここまで<br>追い詰められるとはね……"""
HP10#53,"""ここで倒れ、ハリエットを<br>一人残すことだけは避けねば……！"""
ItemRare#53,"""Parece que tienes algo raro."""
DamageSmall#53,"""mar maldito"""
DamageMiddle#53,"""¡Que!"""
DamageLarge#53,"""/toge ¡Tu puedes hacerlo!"""
Trap#53,"""Una trampa es algo que hace algo paliativo."""
ThankTrapRescue#53,"""Mmmm, eso fue util."""
TrapRescueOther#53,"""fue un terrible desastre"""
MemberDamaged#53,"""Calma un poco."""
MemberDead#53,"""Tal vez mis fuerzas no fueron suficientes..."""
AbilityExe#53,"""¡Creo que puedo encontrar una nueva solucion!"""
AbilitySpecial#53,"""¡Por favor dejamelo a mi!"""
Resurrect#53,"""Empecemos de nuevo."""
PartyJoin#62,"""/ci1 1 守護輝士と呼ばれるその力<br>見せてもらおうか"""
Marvelous#53,"""さすがは守護輝士……<br>と言ったところかな"""
IncidentJsApcBegin#56,"""/ci1 2 やあ、キミか。<br>ちょうどいい所に来てくれたね。<br>少し手を貸してもらえないだろうか？"""
IncidentJsApcFailure#53,"""これ以上の続行は厳しそうだ。<br>すまないが、僕は退かせてもらうよ。"""
IncidentJsApcSuccess#56,"""/ci2 1 終わったようだね。<br>助太刀、感謝するよ。"""
IncidentJsApcBeginEvo#55,"""/ci3 3 この反応は……<br>気を抜くのは、あとだ。"""
EnemyWeak#54,"""Bueno, es lindo"""
EnemyLarge#54,"""なんて大きい……<br>あちらが噂の<br>サンタさまでしょうか？"""
EnemyBoss#54,"""手強そうな相手です。<br>気を引き締めてまいりましょう！"""
EnemyRare#54,"""あれは……<br>珍しい姿をしていますね"""
EnemyBoost#54,"""真っ赤です……<br>あちらが噂の<br>トナカイさまでしょうか？"""
DestroyEnemy1#54,"""¡No te dejare!"""
DestroyEnemy2#54,"""¡Ya voy!"""
DestroyEnemy3#51,"""¡No perdere tan facilmente!"""
CondFreeze#54,"""冷たいっ！<br>動けません……"""
CondBurn#54,"""熱いっ！<br>火傷してしまいました……"""
CondShock#54,"""me siento entumecido..."""
CondPoison#54,"""Es venenoso..."""
CondPanic#54,"""あら？<br>なんだかクラクラします……"""
CondStan#54,"""U-No puedo moverme..."""
CondMirage#54,"""なんだか視界が<br>ぼんやりしてます……"""
Die#54,"""No hay manera de que vaya a colapsar aqui..."""
ThankHeal#54,"""es calmante"""
ThankBuff#54,"""Parece que estoy ganando fuerza"""
ThankCure#54,"""¡gracias!"""
DefeatEnemy#54,"""どうやらこの辺りの敵は<br>一掃できたようですね"""
LevelUp#54,"""Estoy muy orgulloso de ti"""
InvokeSkill1#52,"""¡Ja!"""
InvokeSkill2#50,"""¡No te pierdas!"""
InvokeSkill3#48,"""¡Ahi esta!"""
TechFire#23,"""¡Quemar!"""
TechIce#24,"""¡Congelar!"""
TechThunder#25,"""¡Que te golpeen!"""
TechWind#23,"""¡Que te corten!"""
TechLight#26,"""¡Luz, conviertete en mi espada!"""
TechDark#24,"""¡Oscuridad, conviertete en mi flecha!"""
PBFull#53,"""¡Ahora estas listo!"""
PBRelease#54,"""/toge ¡Eso es!"""
Avoid#54,"""¡No ganare!"""
HealSelf#54,"""no puedo caer todavia"""
BuffSelf#54,"""fortalecer la fuerza militar"""
HealOther#54,"""¿Estas bien?"""
BuffOther#54,"""por favor ayuda"""
QuestStart1#54,"""¡Vamos! \u3000¡Guardian!"""
QuestEnd1#54,"""Fue maravilloso. Como se esperaba"""
IncidentStart#54,"""何かが始まるようです……<br>ご注意ください！"""
IncidentSuccess#54,"""Se acabo."""
IncidentFailure#54,"""Estoy inconsciente..."""
PSE#54,"""El aire esta zumbando..."""
PSELevelUp#54,"""El ambiente ha cambiado"""
PSEBurst#54,"""まあ！<br>聖夜の贈り物でしょうか？"""
HP30#54,"""Tanto..."""
HP10#54,"""まだです……<br>まだやれます……！"""
ItemRare#54,"""サンタさまからの<br>贈り物でしょうか？"""
DamageSmall#54,"""mar maldito"""
DamageMiddle#54,"""¡Mar maldita!"""
DamageLarge#54,"""¡No puedo darme el lujo de perder...!"""
Trap#54,"""¡Hay una trampa en un lugar como este...!"""
ThankTrapRescue#54,"""あ、ありがとうございます。<br>助かりました"""
TrapRescueOther#54,"""ご無事ですかっ？<br>今、お助けします！"""
MemberDamaged#54,"""¡Espero que estes a salvo!"""
MemberDead#54,"""申し訳ありません……<br>私が至らないばかりに……"""
AbilityExe#54,"""¡Estoy rebosante de poder!"""
AbilitySpecial#54,"""/toge ¡El poder se desborda!"""
Resurrect#54,"""¡Todavia puedo luchar!"""
PartyJoin#63,"""/ci1 1 ¡Hare todo lo posible para ayudarte!"""
Marvelous#54,"""¡Que maravillosa actuacion!"""
IncidentJsApcBegin#57,"""/ci1 2 <%me>様！<br>すみませんが<br>お力添えいただけますでしょうか？"""
IncidentJsApcFailure#54,"""申し訳ありません……<br>ここで退かせていただきます。"""
IncidentJsApcSuccess#57,"""/ci2 1 お見事！<br>先に進みましょう"""
IncidentJsApcBeginEvo#56,"""/ci3 2 終わりました……<br>いえ、まだ何か来ます！<br>ご注意を！"""
EnemyWeak#55,"""Si, no parece gran cosa."""
EnemyLarge#55,"""¿Parece un poco fuerte?"""
EnemyBoss#55,"""手強そうだけど……<br>がんばろう！"""
EnemyRare#55,"""¡Ah, parece una especie rara!"""
EnemyBoost#55,"""イヤな感じがする……<br>注意しよう！"""
DestroyEnemy1#55,"""Bien, ¡sigamos adelante!"""
DestroyEnemy2#55,"""¡Esta decidido!"""
DestroyEnemy3#52,"""¡Si, se siente bien!"""
CondFreeze#55,"""¡Conviertete en un muйeco de nieve!"""
CondBurn#55,"""¡Se va a derretir!"""
CondShock#55,"""¡S-B-R-R…!"""
CondPoison#55,"""これは、毒……？<br>気分が悪い……"""
CondPanic#55,"""あれ？\u3000あれれ？<br>ここ、どこだっけ？<br>何すればいいんだっけ！？"""
CondStan#55,"""Mis ojos dan vueltas..."""
CondMirage#55,"""Mi vision es borrosa..."""
Die#55,"""Lamento haber fallado..."""
ThankHeal#55,"""¡gracias!"""
ThankBuff#55,"""¡Estoy tan feliz!"""
ThankCure#55,"""¡Quizas me siento mejor!"""
DefeatEnemy#55,"""¡Esta aclarado!"""
LevelUp#55,"""¡Ah, felicidades!"""
InvokeSkill1#53,"""¡No me lo perdere!"""
InvokeSkill2#51,"""¡Lo decidire ahora!"""
InvokeSkill3#49,"""¡Yaaaaaaaaaaa!"""
TechFire#24,"""¡Lo quemare!"""
TechIce#25,"""¡Congelar!"""
TechThunder#26,"""¡Me hace sentir un poco entumecido!"""
TechWind#24,"""¡Cortalo!"""
TechLight#27,"""¡Luz!"""
TechDark#25,"""¡Un golpe de oscuridad!"""
PBFull#54,"""¡Preparate, esta bien!"""
PBRelease#55,"""¡Ya no estoy solo!"""
Avoid#55,"""¡Union Postal Universal!"""
HealSelf#55,"""fue peligroso"""
BuffSelf#55,"""La preparacion es importante, ¿verdad?"""
HealOther#55,"""¡Feliz navidad!"""
BuffOther#55,"""¡Es un regalo!"""
QuestStart1#55,"""¡Muy bien, hare lo mejor que pueda!"""
QuestEnd1#55,"""Si, ¡gracias por tu arduo trabajo!"""
IncidentStart#55,"""Parece que algo va a pasar..."""
IncidentSuccess#55,"""Uf, funciono de alguna manera."""
IncidentFailure#55,"""失敗しちゃったね……<br>ごめんなさい……"""
PSE#55,"""うん……？<br>フォトンの感じが変わったね"""
PSELevelUp#55,"""あっ、すごい！<br>この調子でがんばろう！"""
PSEBurst#55,"""¡Es un milagro en la noche santa!"""
HP30#55,"""¡Esta bien, todavia puedes luchar!"""
HP10#55,"""ううっ……<br>ちょっとまずいかな……"""
ItemRare#55,"""サンタさんからの<br>プレゼント、かもね！"""
DamageSmall#55,"""¡Alli estaba!"""
DamageMiddle#55,"""¡Ah!"""
DamageLarge#55,"""¡Guau!"""
Trap#55,"""きゃっ！<br>こんなプレゼントはいらないよー！"""
ThankTrapRescue#55,"""足引っ張ってごめんね<br>ありがとう"""
TrapRescueOther#55,"""危なかったね<br>大丈夫？"""
MemberDamaged#55,"""¡No te excedas!"""
MemberDead#55,"""そんな……<br>あとはわたしに、任せて！"""
AbilityExe#55,"""¡Esta bien, hare lo mejor que pueda!"""
AbilitySpecial#55,"""いくよー！<br>わたしに任せて！"""
Resurrect#55,"""¡Hare lo mejor que pueda esta vez!"""
PartyJoin#64,"""/ci1 1 ¡Encantado de conocerte!"""
Marvelous#55,"""¡asombroso! \u3000¡Yo tambien tengo que esforzarme mucho!"""
IncidentJsApcBegin#58,"""/ci1 2 あ、<%me>！<br>ちょっと、手伝ってくれないかな？"""
IncidentJsApcFailure#55,"""うう……ごめんなさい！<br>手伝ってもらったのに……<br>次は、もっとがんばるね！"""
IncidentJsApcSuccess#58,"""/ci2 1 ありがとう！\u3000なんとか倒せたね。<br>この格好だし、せっかくだから……<br>えへへ、メリークリスマス！"""
IncidentJsApcBeginEvo#57,"""/ci3 2 この気配……<br>まだ終わってないみたい。<br>油断せずにいこう！"""
EnemyWeak#56,"""es un pequeйo polvo"""
EnemyLarge#56,"""Es un gran polvo."""
EnemyBoss#56,"""さあ……<br>お掃除を、始めましょう？"""
EnemyRare#56,"""Me preocupa mi sensibilidad."""
EnemyBoost#56,"""¡Le brindaremos hospitalidad!"""
DestroyEnemy1#56,"""¡Si!"""
DestroyEnemy2#56,"""¡Hurra!"""
DestroyEnemy3#53,"""¿Te gusta eso?"""
CondFreeze#56,"""me estoy enfriando..."""
CondBurn#56,"""¡Esta ardiendo!"""
CondShock#56,"""Estoy desgarrado..."""
CondPoison#56,"""No soy bueno en las pruebas de envenenamiento."""
CondPanic#56,"""あああストラトス、キョーさんは<br>敵ではありませんの！\u3000キョーさんも<br>わたくしは黒幕ではありませんわ！"""
CondStan#56,"""ふわあっ！？<br>お星さまが……！"""
CondMirage#56,"""No puedo ver bien..."""
Die#56,"""Lo siento, pero..."""
ThankHeal#56,"""Muchas gracias"""
ThankBuff#56,"""Muchas gracias."""
ThankCure#56,"""fue muy util"""
DefeatEnemy#56,"""¡La limpieza esta completa, Maestro!"""
LevelUp#56,"""¡Es sorprendente que todavia te estes volviendo mas fuerte!"""
InvokeSkill1#54,"""¡Ya voy!"""
InvokeSkill2#52,"""¡Lo liebre!"""
InvokeSkill3#50,"""¡Ahi esta!"""
PBRelease#56,"""¡Le daremos una gran hospitalidad!"""
Avoid#56,"""¡Hurra!"""
HealSelf#56,"""La apariencia tambien es importante"""
BuffSelf#56,"""Esta listo, ¿verdad?"""
HealOther#56,"""Por favor cuidate."""
BuffOther#56,"""Espero poder ayudarte"""
QuestStart1#56,"""Empecemos la hospitalidad."""
QuestEnd1#56,"""お疲れさまですの、マスター。<br>お見事ですわ！"""
IncidentStart#56,"""Tengo un mal presentimiento..."""
IncidentSuccess#56,"""¡Como se esperaba de usted, Maestro!"""
IncidentFailure#56,"""he fracasado..."""
PSE#56,"""Oh, esta reaccion..."""
PSELevelUp#56,"""Esta es una premonicion de la hospitalidad."""
PSEBurst#56,"""¡Gran hospitalidad!"""
HP30#56,"""¡Todavia puedo hacer lo mejor que puedo...!"""
HP10#56,"""ううっ、マスター……<br>助けてくださいですの"""
ItemRare#56,"""貴重なものですの、マスター？<br>おめでとうございますですの！"""
DamageSmall#56,"""¡Hurra!"""
DamageMiddle#56,"""¡Puaj!"""
DamageLarge#56,"""¡Lo liebre...!"""
Trap#56,"""¡Es dificil! \u3000¡Es una trampa!"""
ThankTrapRescue#56,"""お手間をおかけしまして……<br>ありがとうですの"""
TrapRescueOther#56,"""Me alegro que estes a salvo."""
MemberDamaged#56,"""危険ですわ！<br>ご注意くださいませ！"""
MemberDead#56,"""ああ……<br>わたくしがメイドとして<br>力不足なばかりに……"""
AbilityExe#56,"""Mi cuerpo se siente mas ligero."""
AbilitySpecial#56,"""¡Juntos te mostrare la esencia de ser una sirvienta!"""
Resurrect#56,"""La hospitalidad aun no ha terminado."""
PartyJoin#65,"""/ci1 1 Yo te acompaйao."""
Marvelous#56,"""Me encanta verlo."""
IncidentJsApcBegin#59,"""/ci2 2 マスター、ごきげんようですの。<br>よろしければ、マスターもご一緒に<br>お掃除しましょうですの！"""
IncidentJsApcFailure#56,"""失敗してしまいましたの……<br>力不足で、申し訳ございません。<br>退かせていただきますわ。"""
IncidentJsApcSuccess#59,"""/ci2 1 お疲れさまですの、マスター！<br>また一緒にお掃除しましょうですの！"""
IncidentJsApcBeginEvo#58,"""/ci1 2 あら、こんな所にホコリが……<br>よーし、こうなったら<br>全部綺麗にしちゃいましょうですの！"""
EnemyWeak#57,"""¡Hare lo mejor que pueda contra cualquier enemigo!"""
EnemyLarge#57,"""¡Parece que podria ser una buena idea!"""
EnemyBoss#57,"""¡Esta es tu oportunidad de poner a prueba tus habilidades!"""
EnemyRare#57,"""Es un tipo que no se ve muy a menudo."""
EnemyBoost#57,"""me siento un poco fuerte"""
DestroyEnemy1#57,"""¡Protegere lo que hay que proteger!"""
DestroyEnemy2#57,"""¡No te dejare!"""
DestroyEnemy3#54,"""¡Los heroes no pierden!"""
CondFreeze#57,"""Aunque mi espiritu de lucha esta ardiendo..."""
CondBurn#57,"""あわわ、熱いです！<br>チョコが溶けちゃいます！"""
CondShock#57,"""痺れても、関係ありません！<br>耐えきって見せます！"""
CondPoison#57,"""Esta es tu oportunidad de entrenar tu paciencia..."""
CondPanic#57,"""テンパってません！<br>これは、チョコ作りに必要な<br>テンパリングです！"""
CondStan#57,"""Vaya, puedo ver las estrellas..."""
CondMirage#57,"""幻視……！？<br>大丈夫、心の目で殴ります！"""
Die#57,"""これじゃあ……<br>あの人の背中に追いつけない"""
ThankHeal#57,"""¡gracias!"""
ThankBuff#57,"""¡Eso es util!"""
ThankCure#57,"""¡Me siento muy honrado!"""
DefeatEnemy#57,"""¡Sigamos adelante!"""
LevelUp#57,"""置いていかれないよう……<br>頑張ります！"""
InvokeSkill1#55,"""¡Vamos!"""
InvokeSkill2#53,"""¿Que opinas?"""
InvokeSkill3#51,"""¡No flojes!"""
TechFire#25,"""¡Llama explosiva!"""
TechIce#26,"""¡Congelacion!"""
TechThunder#27,"""¡Rapido relampago!"""
TechWind#25,"""¡Vendaval!"""
TechLight#28,"""¡Lanza ligera!"""
TechDark#26,"""¡Bala oscura!"""
PBFull#55,"""手加減なんてできません！<br>私はいつでも全力です！"""
PBRelease#57,"""あの人に追いつくまで……<br>私は止まりません！"""
Avoid#57,"""¡Union Postal Universal!"""
HealSelf#57,"""¡Necesito recuperarme!"""
BuffSelf#57,"""¡No te preocupes si estas preparado!"""
HealOther#57,"""¿DE ACUERDO?"""
BuffOther#57,"""¡Te apoyaremos!"""
QuestStart1#57,"""ヒーロークラスの戦い方……<br>お見せします！"""
QuestEnd1#57,"""クエスト終了ですね！<br>お疲れさまでした！"""
IncidentStart#57,"""怪しい気配です！<br>ご注意を！"""
IncidentSuccess#57,"""すごい！<br>かっこよかったです！"""
IncidentFailure#57,"""simplemente soy inmaduro..."""
PSE#57,"""Esto es...PSE"""
PSELevelUp#57,"""El PSE se ha vuelto mas fuerte"""
PSEBurst#57,"""¡asombroso! \u3000¡Doblemos todo de una vez!"""
HP30#57,"""¡Aqui es donde debes resistir!"""
HP10#57,"""Es una situacion de guerra dura..."""
ItemRare#57,"""わっ、珍しいものですね！<br>おめでとうございます！"""
DamageSmall#57,"""¡Esta aqui!"""
DamageMiddle#57,"""¡Puaj!"""
DamageLarge#57,"""¡No me rendire todavia!"""
Trap#57,"""¡Maldita sea, es una trampa! ?"""
ThankTrapRescue#57,"""Eh... eso fue util."""
TrapRescueOther#57,"""¿Estas bien?"""
MemberDamaged#57,"""¡Dejamelo a mi!"""
MemberDead#57,"""くっ……<br>仇を取って見せます！"""
AbilityExe#57,"""¡Me siento empoderada!"""
AbilitySpecial#57,"""¡Tomare una decision como un heroe!"""
Resurrect#57,"""目標があるんです……<br>だから、休んでられません！"""
PartyJoin#66,"""/ci2 1 戦闘部所属！<br>ストラトス、参上です！"""
Marvelous#57,"""¡Puedo ver el movimiento en mis ojos...!"""
IncidentJsApcBegin#60,"""/ci2 3 <%me>さん！<br>恐縮です、来てくれたんですね！<br>一緒に戦いましょう！"""
IncidentJsApcFailure#57,"""うう、私が未熟なばっかりに……<br>すみません、撤退します。<br>ああ、せっかくの服がドロドロに……"""
IncidentJsApcSuccess#60,"""/ci8 1 やりましたね！<br>みんながイベントを楽しめるよう<br>残りも片付けちゃいましょう！"""
IncidentJsApcBeginEvo#59,"""/ci1 3 まだ来ます！<br>気を引き締めてかかりましょう！"""
EnemyWeak#58,"""es poca cosa"""
EnemyLarge#58,"""insignificante"""
EnemyBoss#58,"""Ni siquiera vale la pena poner a prueba mis habilidades."""
EnemyRare#58,"""No estoy acostumbrado a verlo."""
EnemyBoost#58,"""¿Has obtenido el poder de las tinieblas?"""
DestroyEnemy1#58,"""...Hmph, no me importa nada mas."""
DestroyEnemy2#58,"""Es el fin de mirar hacia las sombras oscuras."""
DestroyEnemy3#55,"""Desaparecer"""
CondFreeze#58,"""この俺を氷菓子のように<br>凍らせたつもりか"""
CondBurn#58,"""この俺を焼き菓子のように<br>焼成する気か"""
CondShock#58,"""Es facil controlar los rayos"""
CondPoison#58,"""¿Controlar el veneno con veneno...?"""
CondPanic#58,"""クッ！\u3000直接脳内に……誰だ！？<br>借りを返せ……だと？\u3000待ってくれ！<br>君は一体……む、幻か"""
CondStan#58,"""俺には……<br>立ち止まっている暇はないんだ"""
CondMirage#58,"""¡Maldita sea... mi ojo izquierdo...!"""
Die#58,"""ここが、俺の死に場所とはな。<br>クク……"""
ThankHeal#58,"""agradecer"""
ThankBuff#58,"""Prestemos nuestra fuerza"""
ThankCure#58,"""no ha terminado"""
DefeatEnemy#58,"""Ya no sirve de nada por aqui."""
LevelUp#58,"""¿Seguira haciendose mas fuerte?"""
InvokeSkill1#56,"""影よ、冥府への道より深き闇よ。<br>我に逆らう彼の者を噛み千切れ！"""
InvokeSkill2#54,"""“黒き狼”は追跡者。<br>お前が逃げ延びる術はない……！"""
InvokeSkill3#52,"""¡Hundirse en las sombras...!"""
TechFire#26,"""¡Fuego del infierno, quemalo...!"""
TechIce#27,"""¡Diablos, rompe!"""
TechThunder#28,"""¡Rapido como el rayo, penetra...!"""
TechWind#26,"""¡Tormenta, cortalo en pedazos...!"""
TechLight#29,"""¡Luz, sigueme...!"""
TechDark#27,"""¡No te dejes tragar por la oscuridad...!"""
PBFull#56,"""El tiempo esta lleno..."""
PBRelease#58,"""Si es por el proposito, elegire los medios..."""
Avoid#58,"""Estiercol"""
HealSelf#58,"""No te preocupes"""
BuffSelf#58,"""vamos"""
HealOther#58,"""¿Estas bien?"""
BuffOther#58,"""¡Usa este poder!"""
QuestStart1#58,"""Enterrar todo en la oscuridad..."""
QuestEnd1#58,"""no tengo otros intereses"""
IncidentStart#58,"""ten cuidado"""
IncidentSuccess#58,"""Por supuesto"""
IncidentFailure#58,"""Eso es ridiculo..."""
PSE#58,"""Puedo escuchar el requiem..."""
PSELevelUp#58,"""Es como una sinfonia de gritos"""
PSEBurst#58,"""Empecemos el movimiento final."""
HP30#58,"""te arrepentiras"""
HP10#58,"""¿Si fuera tragado por la oscuridad...?"""
ItemRare#58,"""La diosa de la suerte sonrio."""
DamageSmall#58,"""no funciona"""
DamageMiddle#58,"""mar maldito"""
DamageLarge#58,"""Tsk..."""
Trap#58,"""...Un truco inutil"""
ThankTrapRescue#58,"""...He contraido una deuda."""
TrapRescueOther#58,"""Hmph, ten cuidado la proxima vez."""
MemberDamaged#58,"""No hay necesidad de forzarte"""
MemberDead#58,"""あとは俺に任せて<br>しばらく休むがいい"""
AbilityExe#58,"""¡Calmate, llama oscura...!"""
AbilitySpecial#58,"""止むを得ん……<br>《亡霊》の力を全て解き放つ"""
Resurrect#58,"""Todavia tengo algo que hacer..."""
PartyJoin#67,"""/ci1 1 No te demores...lo dejare atras."""
Marvelous#58,"""Mmmm... eso es natural."""
IncidentJsApcBegin#61,"""/ci3 1 ふん、何の会場だか知らないが<br>《亡霊》の神髄、見せてやろう。<br>お前はそこで見ているがいい！"""
IncidentJsApcFailure#58,"""Tsk. ¿Me equivoque...?"""
IncidentJsApcSuccess#61,"""/ci3 4 罪を抱き、闇に還れ……！<br>奴らに“光”を遮る資格はない。<br>さらばだ。"""
IncidentJsApcBeginEvo#60,"""/ci3 2 まだ油断するには早いようだな……<br>来るぞ、構えろ。"""
EnemyWeak#59,"""Si este es el caso"""
EnemyLarge#59,"""Es una molestia..."""
EnemyBoss#59,"""Mantengamos el animo en alto, Senpai."""
EnemyRare#59,"""Es un tipo al que no veo muy a menudo."""
EnemyBoost#59,"""Ha llegado algo problematico... tengamos cuidado."""
DestroyEnemy1#59,"""No eres mi enemigo."""
DestroyEnemy2#59,"""Ahora, el siguiente."""
DestroyEnemy3#56,"""Bueno, tal vez algo como esto"""
CondFreeze#59,"""Congelado, mar maldita..."""
CondBurn#59,"""Ardiendo, maldita mar..."""
CondShock#59,"""Descarga electrica, maldita sea..."""
CondPoison#59,"""Venenoso, mar maldita..."""
CondPanic#59,"""... ¿A quien deberia apuntar?"""
CondStan#59,"""……身体が動かなくても<br>できることはあるはず"""
CondMirage#59,"""Mierda... no puedo decidir mi objetivo."""
Die#59,"""Oye, eso es todo..."""
ThankHeal#59,"""Gracias senpai"""
ThankBuff#59,"""sereno salva"""
ThankCure#59,"""Era un lugar peligroso..."""
DefeatEnemy#59,"""Supongo que esta zona ya esta practicamente despejada."""
LevelUp#59,"""Yo tampoco puedo perder."""
InvokeSkill1#57,"""¡Disparar!"""
InvokeSkill2#55,"""Esta distancia... ¡la captura!"""
InvokeSkill3#53,"""¡Esa es mi distancia!"""
TechLight#30,"""¿Puedes utilizar tecnicas?"""
TechDark#28,"""Tambien puedes hacer cosas como esta."""
PBFull#57,"""Esta casi listo."""
PBRelease#59,"""おれたちの邪魔をするのが<br>悪いんだよ"""
Avoid#59,"""¿A donde apuntas?"""
HealSelf#59,"""¿Deberia recuperarme aqui?"""
BuffSelf#59,"""usar todas las manos disponibles"""
HealOther#59,"""Sea diligente en su recuperacion"""
BuffOther#59,"""Es peligroso si olvida brindar ayuda."""
QuestStart1#59,"""hare lo mejor que pueda para hacerlo"""
QuestEnd1#59,"""Gracias por tu arduo trabajo, Senpai."""
IncidentStart#59,"""Parece que algo ha llegado"""
IncidentSuccess#59,"""¡Lo hiciste!"""
IncidentFailure#59,"""Joder, todavia me queda un largo camino por recorrer..."""
PSE#59,"""フォトンの活性化が始まったか。<br>利用しない手はないな"""
PSELevelUp#59,"""Parece que esta ganando impulso"""
PSEBurst#59,"""¡Hagamoslo todo de una vez!"""
HP30#59,"""Tch, ¿te estan empujando hacia adentro...?"""
HP10#59,"""¡Maldita sea, no puedo creer que haya llegado tan lejos...!"""
ItemRare#59,"""Estas tuiteando, Senpai."""
DamageSmall#59,"""Tsk"""
DamageMiddle#59,"""Kuuuuu"""
DamageLarge#59,"""¡Hurra!"""
Trap#59,"""¡Una trampa como esta! ?"""
ThankTrapRescue#59,"""Perdon por molestarte"""
TrapRescueOther#59,"""¿Estas bien?"""
MemberDamaged#59,"""¡No yeguas imprudentes!"""
MemberDead#59,"""¡Me vengare...!"""
AbilityExe#59,"""/toge 調子がいい！<br>どんどんいくぜ！"""
AbilitySpecial#59,"""/toge ¡Dejamelo a mi!"""
Resurrect#59,"""Tengo que devolver lo que me hicieron."""
PartyJoin#68,"""/ci1 1 Encantado de conocerte, Senpai"""
Marvelous#59,"""Esta es la diferencia en la experiencia..."""
IncidentJsApcBegin#62,"""/ci2 2 センパイ、ちょうどいいところに！<br>ちょっと手を貸してくれ！"""
IncidentJsApcFailure#59,"""センパイ、ごめん……<br>せっかく助けてくれたのに。<br>次は、もっと頑張るよ。"""
IncidentJsApcSuccess#62,"""/ci2 1 センパイのおかげで助かったよ。<br>と、ところで、おれのこの服……<br>いや、なんでもない！\u3000それじゃっ！"""
IncidentJsApcBeginEvo#61,"""/ci2 2 Oye, ¿aun no has aprendido la leccion?"""
EnemyWeak#60,"""Esta bien si es asi"""
EnemyLarge#60,"""¡Guau, eso es grande!"""
EnemyBoss#60,"""Parece fuerte... ¡pero no perdere!"""
EnemyRare#60,"""¡Vaya, es una especie rara!"""
EnemyBoost#60,"""...Un enemigo realmente desagradable."""
WeatherChange#6,"""¿Los fotones de la atmosfera estan haciendo ruido?"""
DestroyEnemy1#60,"""¡Si, funciono!"""
DestroyEnemy2#60,"""¡Esta bien, eso se siente bien!"""
DestroyEnemy3#57,"""¡Lo hiciste!"""
CondFreeze#60,"""¡Esta congelado! ?"""
CondBurn#60,"""¡Ay, ay!"""
CondShock#60,"""¡O tal vez mi cuerpo esta entumecido...!"""
CondPoison#60,"""Uf... es venenoso, es asqueroso..."""
CondPanic#60,"""えっと、えっと、ええっとお！<br>何をどうすればいいんだっけ！<br>手当たり次第吹っ飛ばす？"""
CondStan#60,"""¡O no puedo mover mi cuerpo...!"""
CondMirage#60,"""Mi vision es un poco borrosa..."""
Die#60,"""Lamento haber fallado..."""
ThankHeal#60,"""Ah...gracias"""
ThankBuff#60,"""Jeje, gracias"""
ThankCure#60,"""Ah, lo siento, gracias."""
DefeatEnemy#60,"""Se siente como si se hubiera acabado"""
LevelUp#60,"""¡Ah, felicidades!"""
InvokeSkill1#58,"""¡Vamos con todas nuestras fuerzas!"""
InvokeSkill2#56,"""¡Jaaaaaaaaaaaa!"""
InvokeSkill3#54,"""¡Terminare esto!"""
TechFire#27,"""¡Haz tu mejor esfuerzo!"""
TechIce#28,"""¡Porque no perdere!"""
TechThunder#29,"""¡No te preocupes, no lo hare!"""
TechWind#27,"""¡Cortalo!"""
TechLight#31,"""luz"""
TechDark#29,"""¡Cruzar rapidamente!"""
PBFull#58,"""<%me>！<br>わたしたちも準備できてるよ！"""
PBRelease#60,"""¡Ya no estoy solo!"""
TacticsFree#21,"""うん、わかった！<br>自由に動いてみるね！"""
TacticsGuard#21,"""ここは辛抱のしどころってことだね<br>まかせて、待つのは得意だよ！"""
TacticsMassedAttack#21,"""狙いを集中させる……<br>うん、わかったよ！"""
TacticsAttack#21,"""わたしが囮になるから<br>その隙にお願い！"""
Avoid#60,"""¡Eso es todo!"""
HealSelf#60,"""recuperacion de recuperacion"""
BuffSelf#60,"""No te olvides de la asistencia."""
HealOther#60,"""大丈夫？<br>無理はしないでね"""
BuffOther#60,"""あ、待ってて<br>補助もかけちゃうから"""
QuestStart1#60,"""¡Muy bien, hare lo mejor que pueda!"""
QuestStart2#15,"""貴方と一緒なら……うん<br>ぜったいに、大丈夫！"""
QuestEnd1#60,"""¡Era tan confiable!"""
QuestEnd2#19,"""¡Guau increible! \u3000¡Increible!"""
IncidentStart#60,"""¿Que, que esta pasando?"""
IncidentSuccess#60,"""Bien, funciono de alguna manera."""
IncidentFailure#60,"""うう……ごめんなさい……<br>足、ひっぱっちゃった……"""
PSE#60,"""フォトンの感じが変わった……<br>PSEってやつなのかな？"""
PSELevelUp#60,"""なんだか続いてるみたいだね！<br>もっともっと、がんばろう！"""
PSEBurst#60,"""わぁ……これがPSEバーストって<br>やつなんだね、すごい！"""
HP30#60,"""うっ……ま、まだまだ<br>まだ大丈夫だよ、わたし！"""
HP10#60,"""……ううっ！<br>ごめん、ちょっとまずいかも……"""
ItemRare#60,"""あっ、それって<br>珍しいものだよね？"""
DamageSmall#60,"""¡Alli estaba!"""
DamageMiddle#60,"""¡Duelo!"""
DamageLarge#60,"""¡Guau!"""
Trap#60,"""¡Que, que, una trampa! ?"""
ThankTrapRescue#60,"""ごめんなさい……<br>すっごく助かった"""
TrapRescueOther#60,"""大丈夫？<br>罠には気をつけてね"""
MemberDamaged#60,"""無理せず下がって！<br>大丈夫、わたしもいるから！"""
MemberDead#60,"""そんなっ！<br>こんなことになるなんて……！"""
AbilityExe#60,"""¡Si, hare lo mejor que pueda!"""
AbilitySpecial#60,"""¡Esta bien, hare lo mejor que pueda!"""
Resurrect#60,"""¡Hare lo mejor que pueda esta vez!"""
PartyJoin#69,"""/ci1 1 ¡Encantado de conocerte!"""
Marvelous#60,"""¡asombroso! \u3000¡Yo tambien tengo que esforzarme mucho!"""
IncidentJsApcBegin#63,"""/mn2 /ci1 2 あ、<%me>！<br>ちょっと手伝ってくれないかな？<br>一緒に会場を守ろう！"""
IncidentJsApcFailure#60,"""/mn5 うう……<br>こんなことになっちゃうなんて。<br>わたし、情けないなぁ……"""
IncidentJsApcSuccess#63,"""/mn37 /ci2 1 ありがとう、助かったよ！<br>最後まで会場を守るために頑張るよ。<br>イベント、一緒に楽しもうね！"""
IncidentJsApcBeginEvo#62,"""/mn2 /ci4 2 この雰囲気……<br>まだ来るのかな？"""
EnemyWeak#61,"""Esta bien si es asi"""
EnemyLarge#61,"""¡Guau, eso es grande!"""
EnemyBoss#61,"""Parece fuerte... ¡pero no perdere!"""
EnemyRare#61,"""¡Vaya, es una especie rara!"""
EnemyBoost#61,"""...Un enemigo realmente desagradable."""
WeatherChange#7,"""¿Los fotones de la atmosfera estan haciendo ruido?"""
DestroyEnemy1#61,"""¡Si, funciono!"""
DestroyEnemy2#61,"""¡Esta bien, eso se siente bien!"""
DestroyEnemy3#58,"""¡Lo hiciste!"""
CondFreeze#61,"""¡Esta congelado! ?"""
CondBurn#61,"""¡Ay, ay!"""
CondShock#61,"""¡O tal vez mi cuerpo esta entumecido...!"""
CondPoison#61,"""Uf... es venenoso, es asqueroso..."""
CondPanic#61,"""えっと、えっと、ええっとお！<br>何をどうすればいいんだっけ！<br>手当たり次第吹っ飛ばす？"""
CondStan#61,"""¡O no puedo mover mi cuerpo...!"""
CondMirage#61,"""Mi vision es un poco borrosa..."""
Die#61,"""Lamento haber fallado..."""
ThankHeal#61,"""Ah...gracias"""
ThankBuff#61,"""Jeje, gracias"""
ThankCure#61,"""Ah, lo siento, gracias."""
DefeatEnemy#61,"""Se siente como si se hubiera acabado"""
LevelUp#61,"""¡Ah, felicidades!"""
InvokeSkill1#59,"""¡Vamos con todas nuestras fuerzas!"""
InvokeSkill2#57,"""¡Jaaaaaaaaaaaa!"""
InvokeSkill3#55,"""¡Terminare esto!"""
TechFire#28,"""¡Haz tu mejor esfuerzo!"""
TechIce#29,"""¡Porque no perdere!"""
TechThunder#30,"""¡No te preocupes, no lo hare!"""
TechWind#28,"""¡Cortalo!"""
TechLight#32,"""luz"""
TechDark#30,"""¡Cruzar rapidamente!"""
PBFull#59,"""<%me>！<br>わたしたちも準備できてるよ！"""
PBRelease#61,"""¡Ya no estoy solo!"""
TacticsFree#22,"""うん、わかった！<br>自由に動いてみるね！"""
TacticsGuard#22,"""ここは辛抱のしどころってことだね<br>まかせて、待つのは得意だよ！"""
TacticsMassedAttack#22,"""狙いを集中させる……<br>うん、わかったよ！"""
TacticsAttack#22,"""わたしが囮になるから<br>その隙にお願い！"""
Avoid#61,"""¡Eso es todo!"""
HealSelf#61,"""recuperacion de recuperacion"""
BuffSelf#61,"""No te olvides de la asistencia."""
HealOther#61,"""大丈夫？<br>無理はしないでね"""
BuffOther#61,"""あ、待ってて<br>補助もかけちゃうから"""
QuestStart1#61,"""¡Muy bien, hare lo mejor que pueda!"""
QuestStart2#16,"""貴方と一緒なら……うん<br>ぜったいに、大丈夫！"""
QuestEnd1#61,"""¡Era tan confiable!"""
QuestEnd2#20,"""¡Guau increible! \u3000¡Increible!"""
IncidentStart#61,"""¿Que, que esta pasando?"""
IncidentSuccess#61,"""Bien, funciono de alguna manera."""
IncidentFailure#61,"""うう……ごめんなさい……<br>足、ひっぱっちゃった……"""
PSE#61,"""フォトンの感じが変わった……<br>PSEってやつなのかな？"""
PSELevelUp#61,"""なんだか続いてるみたいだね！<br>もっともっと、がんばろう！"""
PSEBurst#61,"""わぁ……これがPSEバーストって<br>やつなんだね、すごい！"""
HP30#61,"""うっ……ま、まだまだ<br>まだ大丈夫だよ、わたし！"""
HP10#61,"""……ううっ！<br>ごめん、ちょっとまずいかも……"""
ItemRare#61,"""あっ、それって<br>珍しいものだよね？"""
DamageSmall#61,"""¡Alli estaba!"""
DamageMiddle#61,"""¡Duelo!"""
DamageLarge#61,"""¡Guau!"""
Trap#61,"""¡Que, que, una trampa! ?"""
ThankTrapRescue#61,"""ごめんなさい……<br>すっごく助かった"""
TrapRescueOther#61,"""大丈夫？<br>罠には気をつけてね"""
MemberDamaged#61,"""無理せず下がって！<br>大丈夫、わたしもいるから！"""
MemberDead#61,"""そんなっ！<br>こんなことになるなんて……！"""
AbilityExe#61,"""¡Si, hare lo mejor que pueda!"""
AbilitySpecial#61,"""¡Esta bien, hare lo mejor que pueda!"""
Resurrect#61,"""¡Hare lo mejor que pueda esta vez!"""
PartyJoin#70,"""/ci1 1 ¡Encantado de conocerte!"""
Marvelous#61,"""¡asombroso! \u3000¡Yo tambien tengo que esforzarme mucho!"""
IncidentJsApcBegin#64,"""/mn2 /ci4 2 あ、<%me>！<br>いきなり敵がいっぱい出てきて<br>大変なの。手伝ってくれるかな？"""
IncidentJsApcSuccess#64,"""/mn37 /ci2 2 ふぅ、なんとか終わったみたい。<br>助けてくれてありがとう。<br>この調子で会場を守っていこうね！"""
EnemyWeak#62,"""Que, eso esta fuera de lugar."""
EnemyLarge#62,"""姿は大きいようだが<br>力はどうかな……？"""
EnemyBoss#62,"""¡Tsk, ha aparecido un enemigo problematico!"""
EnemyRare#62,"""Oh, ese es un tipo raro"""
EnemyBoost#62,"""¿Que es esta atmosfera...?"""
DestroyEnemy1#62,"""¡Esta decidido!"""
DestroyEnemy2#62,"""¡Se acabo!"""
DestroyEnemy3#59,"""¡Del mes proximo!"""
CondFreeze#62,"""Si esta congelado... ¡me ahogare!"""
CondBurn#62,"""Cuando se trata de combustion... ¡me estoy ahogando!"""
CondShock#62,"""Si es una descarga electrica... ¡me enterrare!"""
CondPoison#62,"""Si es venenoso… ¡tengo miedo!"""
CondPanic#62,"""Si hay confusion... ¡jaja!"""
CondStan#62,"""Cuando no puedo moverme... ¡tengo miedo!"""
CondMirage#62,"""Si estas aturdido... ¡jaja!"""
Die#62,"""Este...yo..."""
ThankHeal#62,"""¡Eso es util!"""
ThankBuff#62,"""¡Buena decision!"""
ThankCure#62,"""¡Gracias!"""
DefeatEnemy#62,"""¡Bien, ese es el final!"""
LevelUp#62,"""El esfuerzo dio sus frutos"""
InvokeSkill1#60,"""¡Este es el final!"""
InvokeSkill2#58,"""¡Con este golpe!"""
InvokeSkill3#56,"""¡Terminal!"""
PBFull#60,"""¡No te preocupes!"""
PBRelease#62,"""¡Libera tu poder!"""
TacticsFree#23,"""¡Soy libre de hacer lo que quiera!"""
TacticsGuard#23,"""¡Fortalezcamos nuestra defensa!"""
TacticsMassedAttack#23,"""¡Un gran avance!"""
TacticsAttack#23,"""¡Atraigo al enemigo!"""
Avoid#62,"""¡Yotto!"""
HealSelf#62,"""¡Recuperar!"""
BuffSelf#62,"""Sin atajos"""
HealOther#62,"""Ese era un lugar peligroso."""
BuffOther#62,"""¡Te apoyo!"""
QuestStart1#62,"""Bueno, vamos"""
QuestStart2#17,"""Me siento seguro si estas conmigo"""
QuestEnd1#62,"""este es el final"""
QuestEnd2#21,"""Como era de esperar, es tranquilizador."""
IncidentStart#62,"""¡Algo va a pasar!"""
IncidentSuccess#62,"""Parece que fue exitoso"""
IncidentFailure#62,"""...lo siento"""
PSE#62,"""Hmm, parece que ha comenzado."""
PSELevelUp#62,"""¡Sigamos adelante!"""
PSEBurst#62,"""¿Sera tan efectivo como este?"""
HP30#62,"""¡Tia no!"""
HP10#62,"""A este ritmo..."""
ItemRare#62,"""¡Encontraste algo bueno!"""
DamageSmall#62,"""Arg"""
DamageMiddle#62,"""Guau"""
DamageLarge#62,"""guaa"""
Trap#62,"""¡En una trampa como esta...!"""
ThankTrapRescue#62,"""¡Gracias!"""
TrapRescueOther#62,"""¡Ten cuidado!"""
MemberDamaged#62,"""¿Estas bien?"""
MemberDead#62,"""Lo siento... ¡disculpe!"""
AbilityExe#62,"""/juntos ¡me siento mejor!"""
AbilitySpecial#62,"""/toge ¡Dejamelo a mi!"""
Resurrect#62,"""... ¡Aun puedes ir!"""
PartyJoin#71,"""/ci1 1 Muchas gracias"""
Marvelous#62,"""¡Como se esperaba!"""
IncidentJsApcBegin#65,"""/ci2 1 おお、いいところに来てくれた！<br>少しばかり敵の数が多くてな<br>手伝ってくれないか。"""
IncidentJsApcFailure#61,"""……ぐっ、こんなことになるとは。<br>すまん、先に撤退する。"""
IncidentJsApcSuccess#65,"""/ci2 1 よし、片付いたようだな！<br>感謝するぞ、お前のおかげで<br>なんとかなった。"""
IncidentJsApcBeginEvo#63,"""/ci3 1 この空気……<br>新手が来るかもしれないな。<br>準備と留意を忘れるなよ。"""
EnemyWeak#63,"""...parece debil"""
EnemyLarge#63,"""...Es grande."""
EnemyBoss#63,"""...Es un poco problematico."""
EnemyRare#63,"""...Ah, eso es raro"""
EnemyBoost#63,"""... ¿Que es esta atmosfera?"""
DestroyEnemy1#63,"""……aletas"""
DestroyEnemy2#63,"""……Del mes proximo"""
DestroyEnemy3#60,"""...El fin"""
CondFreeze#63,"""……く、凍結<br>動けない……"""
CondBurn#63,"""... tan caliente"""
CondShock#63,"""...Mi cuerpo se adormece."""
CondPoison#63,"""...Maldita sea, esto es veneno."""
CondPanic#63,"""...Me siento mareado y tengo la vision borrosa."""
CondStan#63,"""...Muevete, mi cuerpo"""
CondMirage#63,"""...mis ojos estan borrosos"""
Die#63,"""No me gusta esto..."""
ThankHeal#63,"""……gracias"""
ThankBuff#63,"""...Esa es una buena decision."""
ThankCure#63,"""……agradecer"""
DefeatEnemy#63,"""...Es un paso hacia abajo."""
LevelUp#63,"""...Es el resultado de un arduo trabajo."""
TechFire#29,"""...Quemar"""
TechIce#30,"""...congelado"""
TechThunder#31,"""...estoy entumecido"""
TechWind#29,"""...soplalo"""
TechLight#33,"""...luz"""
TechDark#31,"""...Oscuridad"""
PBFull#61,"""……vamos"""
PBRelease#63,"""...lo soltare"""
TacticsFree#24,"""...Lo hare libremente."""
TacticsGuard#24,"""...Manten tus defensas fuertes"""
TacticsMassedAttack#24,"""...Apuntare intensamente."""
TacticsAttack#24,"""...yo sere el seйuelo"""
Avoid#63,"""...Es peligroso."""
HealSelf#63,"""...Recuperacion..."""
BuffSelf#63,"""...Sin tomos atajos."""
HealOther#63,"""...Recuperacion, no lo olvides"""
BuffOther#63,"""...Te ayudare."""
QuestStart1#63,"""...Vamos"""
QuestStart2#18,"""...Me siento seguro cuando estas conmigo"""
QuestEnd1#63,"""……buen trabajo"""
QuestEnd2#22,"""...Siento una sensacion de seguridad diferente."""
IncidentStart#63,"""...algo parece estar pasando"""
IncidentSuccess#63,"""...Parece que fue un exito."""
IncidentFailure#63,"""…… Lo siento"""
PSE#63,"""...algo ha comenzado"""
PSELevelUp#63,"""...continuemos"""
PSEBurst#63,"""...No puedo creer que tenga tal efecto."""
HP30#63,"""…… tia"""
HP10#63,"""...Dejalo asi."""
ItemRare#63,"""...Eso es algo bueno."""
DamageSmall#63,"""...Puaj"""
DamageMiddle#63,"""...Kuuuuuuuuuuuu"""
DamageLarge#63,"""...¡Oh!"""
Trap#63,"""...quedar atrapado en una trampa"""
ThankTrapRescue#63,"""……gracias"""
TrapRescueOther#63,"""……ten cuidado"""
MemberDamaged#63,"""……¿Estas bien?"""
MemberDead#63,"""...no lo permitire"""
AbilityExe#63,"""/juntos...me siento mejor."""
AbilitySpecial#63,"""/juntos...dejamelo a mi"""
Resurrect#63,"""...todavia puedo ir."""
PartyJoin#72,"""/ci1 1 ...Encantado de conocerte"""
Marvelous#63,"""...Como se esperaba."""
IncidentJsApcBegin#66,"""/ci4 5 ……丁度良いところに来たわね。<br>少し敵の数が多いの、手伝って。"""
IncidentJsApcFailure#62,"""……ごめんなさい、これ以上は<br>戦えない。撤退します。"""
IncidentJsApcSuccess#66,"""/ci1 5 ……私一人じゃ危なかったと思う。<br>だから、ちゃんとお礼は言うわ。<br>……ありがとう。"""
IncidentJsApcBeginEvo#64,"""/ci4 5 ……新手が来そう。<br>注意して、しっかり準備を。"""
EnemyWeak#64,"""ふふふ……このぐらいの相手なら<br>私一人でも十分ですわ！"""
EnemyLarge#64,"""大きければいいというものでは<br>ないんですからね！"""
EnemyBoss#64,"""うう……なんだか強そう……<br>見なかったことにしたいですわ"""
EnemyRare#64,"""あら？\u3000あちらにいらっしゃるのは<br>希少種というやつでは？"""
EnemyBoost#64,"""むむむ……<br>なんとも気味悪い気配をした<br>エネミーですわね……"""
WeatherChange#8,"""¿Que pasa con los cambios ambientales?"""
DestroyEnemy1#64,"""¡Lo hice!"""
DestroyEnemy2#64,"""¿Te gusta eso?"""
DestroyEnemy3#61,"""¿Lo viste?"""
CondFreeze#64,"""水もしたたるいい女……<br>って違っ、これ凍ってる！\u3000冷たっ！"""
CondBurn#64,"""燃え上がるような情熱……<br>じゃなくてすっごく熱いんですけど！"""
CondShock#64,"""痺れるほどに、刺激的……<br>というか本当に痺れが……！"""
CondPoison#64,"""ふふっ、美女は毒を隠し持つ……<br>……私、美女じゃなくていいから<br>解毒を、解毒をー！"""
CondPanic#64,"""ふふふ……<br>今なら何にも出来なさそうな<br>そんな気がしますわ！"""
CondStan#64,"""なんと言われようとも<br>私この場を一歩も動きませんわ！<br>というか動けませんわ！"""
CondMirage#64,"""いつも夢見がちな私に幻覚なんて！<br>……あら？\u3000あそこに<br>とってもおいしそうなケーキが……"""
Die#64,"""No mas... por favor dejame descansar..."""
ThankHeal#64,"""¡Gracias!"""
ThankBuff#64,"""¡Siento que me he vuelto mas fuerte!"""
ThankCure#64,"""¡Se siente refrescante!"""
DefeatEnemy#64,"""これにて一件落着、ですわ！<br>ささ、次の場所へ行きましょう"""
LevelUp#64,"""¿Podrias compartirlo conmigo tambien?"""
InvokeSkill1#61,"""¿Estas bien si te admiras?"""
InvokeSkill2#59,"""¡Esto es todo!"""
InvokeSkill3#57,"""¡Cuando tenga que hacerlo, lo hare!"""
PBFull#62,"""¡Esto esta listo!"""
PBRelease#64,"""Por favor prestame tu fuerza"""
TacticsFree#25,"""おまかせあれ！<br>今以上に自由に動いて<br>みせますわ！"""
TacticsGuard#25,"""おまかせあれ！<br>しっかり耐えてみせますわ！"""
TacticsMassedAttack#25,"""おまかせあれ！<br>集中攻撃といきましょう！"""
TacticsAttack#25,"""おまかせあれ！<br>って、私が囮なのですか！？"""
Avoid#64,"""¡Brillante evasion!"""
HealSelf#64,"""no quiero morir todavia"""
BuffSelf#64,"""¡Sigue tu falta de fuerza con ayuda!"""
HealOther#64,"""¡No te esfuerces demasiado!"""
BuffOther#64,"""¡No olvides fortalecer tus habilidades!"""
QuestStart1#64,"""Muchas gracias"""
QuestStart2#19,"""貴方様と一緒なら<br>私、何でも出来そうな気がします！<br>まあたぶん気のせいですけど！"""
QuestEnd1#64,"""ずっと、貴方様に<br>おんぶにだっこでしたけど……<br>終わりよければ、です！"""
QuestEnd2#23,"""¡Con esto, la mision esta completa!"""
IncidentStart#64,"""障害を乗り越えてこその成長！<br>どんなものでもどんとこい、ですわ！"""
IncidentSuccess#64,"""やりましたね！<br>貴方様と一緒だったから楽……<br>じゃなくて、貴方様のおかげですわ！"""
IncidentFailure#64,"""うう……<br>私、足を引っ張っちゃいましたね……"""
PSE#64,"""むむっ、むむむっ！<br>これはPSEの感じですよ！"""
PSELevelUp#64,"""やりました！<br>どんどん続けていきましょう！"""
PSEBurst#64,"""お見事ですわ！<br>これが、PSEバーストです！"""
HP30#64,"""なんだかすっごく集中的に<br>狙われている気が……"""
HP10#64,"""戦力分析、出来ていますわね。<br>もっとも弱い私を叩いてくるなんて<br>……た、助けてくださーい！"""
ItemRare#64,"""¿Recogiste algo bueno?"""
DamageSmall#64,"""¡Duelo!"""
DamageMiddle#64,"""¡Guau!"""
DamageLarge#64,"""Eso es terrible..."""
Trap#64,"""ちょっ、罠とか！<br>なんでそんなのあるんです！？"""
ThankTrapRescue#64,"""Gracias por su ayuda..."""
TrapRescueOther#64,"""罠に気をつけてくださいね！<br>私もさっきひっかかりそうに<br>なりましたから！"""
MemberDamaged#64,"""¡No te esfuerces demasiado!"""
MemberDead#64,"""……許せません。<br>絶対に、許せませんわ！"""
AbilityExe#64,"""ふふふ、ここからが<br>私のターン、ですわ！"""
AbilitySpecial#64,"""¡Dejamelo a mi!"""
Resurrect#64,"""¿Nos levantamos pronto?"""
PartyJoin#73,"""/ci1 1 ¡Estoy aqui!"""
Marvelous#64,"""¡Este es un gran movimiento!"""
IncidentJsApcBegin#67,"""/toge /ci3 2 あっ、あっ、貴方様はっ！<br>素晴らしいタイミングです！<br>手伝っていただけませんか！"""
IncidentJsApcFailure#63,"""きゅう……これ以上は無理です……<br>すみませんが、撤退します"""
IncidentJsApcSuccess#67,"""/ci2 2 いやいや、一時はどうなることかと……<br>ほんと、感謝感謝です！<br>ありがとうございました！"""
IncidentJsApcBeginEvo#65,"""/ci1 2 ふー、なんとかなって一安心……<br>……とは、いかないようですわね。<br>もう少しお付き合いいただけます？"""
EnemyWeak#65,"""Ni siquiera es una prueba de fuerza."""
EnemyLarge#65,"""Parece ser un desafio."""
EnemyBoss#65,"""Suficiente para el compaйero de examen"""
EnemyRare#65,"""...¿Es una especie rara?"""
EnemyBoost#65,"""Esta emitiendo una vibra siniestra."""
WeatherChange#9,"""¿Ha cambiado la direccion del viento?"""
DestroyEnemy1#65,"""Del mes proximo"""
DestroyEnemy2#65,"""Obtuve buenos datos."""
DestroyEnemy3#62,"""pasar al siguiente objetivo"""
CondFreeze#65,"""¿Esta congelado...?"""
CondBurn#65,"""¿Esta en estado de combustion?..."""
CondShock#65,"""¿Es un estado de descarga electrica?"""
CondPoison#65,"""¿Es esto... veneno...?"""
CondPanic#65,"""N-no puedo hacer juicios adecuados..."""
CondStan#65,"""La libertad fisica es un problema..."""
CondMirage#65,"""E-Es una alucinacion..."""
Die#65,"""¿El combate continuo es imposible...?"""
ThankHeal#65,"""lo siento"""
ThankBuff#65,"""agradecer"""
ThankCure#65,"""tomo mucho esfuerzo"""
DefeatEnemy#65,"""Conquistado, completado"""
LevelUp#65,"""es bueno ser fuerte"""
InvokeSkill1#62,"""Eso es todo"""
InvokeSkill2#60,"""decidir aqui"""
InvokeSkill3#58,"""no me lo perdere"""
TechFire#30,"""Quemarlo"""
TechIce#31,"""Congelar"""
TechThunder#32,"""Oh cierto no"""
TechWind#30,"""Viento"""
TechLight#34,"""luz"""
TechDark#32,"""oscuridad"""
PBFull#63,"""Parece que estas listo"""
PBRelease#65,"""Activar explosion de fotones"""
TacticsFree#26,"""Ahora movamonos libremente"""
TacticsGuard#26,"""Ahora fortalecemos nuestra defensa."""
TacticsMassedAttack#26,"""Ahora, hagamos un gran avance."""
TacticsAttack#26,"""Te dejo el seйuelo a ti."""
Avoid#65,"""lento"""
HealSelf#65,"""fue una pena"""
BuffSelf#65,"""No seas facil contigo mismo"""
HealOther#65,"""Estas demasiado descuidado"""
BuffOther#65,"""proporcionar apoyo"""
QuestStart1#65,"""comenzando la mision"""
QuestStart2#20,"""confiare en ti"""
QuestEnd1#65,"""Como se esperaba"""
QuestEnd2#24,"""Este resultado es todo gracias a ti."""
IncidentStart#65,"""雰囲気が変わったな……<br>何かが起こるぞ、気をつけろ"""
IncidentSuccess#65,"""Ese es un gran resultado"""
IncidentFailure#65,"""...Este es un resultado decepcionante."""
PSE#65,"""フォトンが揺らいでいる……<br>ＰＳＥの前兆か"""
PSELevelUp#65,"""PSE... parece que todavia continua."""
PSEBurst#65,"""これが噂に聞く<br>ＰＳＥバースト、というやつか"""
HP30#65,"""Tsk"""
HP10#65,"""Eso es malo..."""
ItemRare#65,"""eso es bueno"""
DamageSmall#65,"""Daйos menores..."""
DamageMiddle#65,"""Puaj"""
DamageLarge#65,"""...Hay mucho daйo."""
Trap#65,"""¿Es una trampa?"""
ThankTrapRescue#65,"""...Lo siento, fui salvado."""
TrapRescueOther#65,"""¿Estas bien?"""
MemberDamaged#65,"""retrocede por un momento"""
MemberDead#65,"""...No soy lo suficientemente fuerte."""
AbilityExe#65,"""Ahora viene el verdadero problema."""
AbilitySpecial#65,"""Si las cosas van asi... puedo hacerlo."""
Resurrect#65,"""...Pagare la deuda."""
PartyJoin#74,"""/ci1 1 Hagamos lo mejor que podamos para cumplir con las expectativas"""
Marvelous#65,"""es mas de lo que imaginaba"""
IncidentJsApcBegin#68,"""/ci3 2 いいところに来てくれた。<br>少々手間取っている<br>手伝ってはくれないか？"""
IncidentJsApcFailure#64,"""……私が未熟だった。<br>退かせてもらう。"""
IncidentJsApcSuccess#68,"""/ci1 2 任務、完了。<br>協力感謝するぞ。"""
IncidentJsApcBeginEvo#66,"""/ci1 2 任務、完了……いや<br>この反応は、どうやらまだ<br>来るみたいだな。"""
EnemyWeak#66,"""Vaya, este tipo parece debil."""
EnemyLarge#66,"""Vaya, eso es enorme..."""
EnemyBoss#66,"""おいおいおい<br>こんなのいるなんて聞いてねえよ！"""
EnemyRare#66,"""んー、なんだありゃ<br>あんまり見ないヤツじゃないか？"""
EnemyBoost#66,"""...¡El ambiente da un poco de miedo!"""
DestroyEnemy1#66,"""¡Bueno!"""
DestroyEnemy2#66,"""¡Lo hice!"""
DestroyEnemy3#63,"""¡Esta decidido!"""
CondFreeze#66,"""¡Hace tanto frio!"""
CondBurn#66,"""¡Ay, ay!"""
CondShock#66,"""Sh-shhhhhhh!"""
CondPoison#66,"""うう……毒……？<br>気持ち悪い……"""
CondPanic#66,"""Bueno, el mundo esta girando."""
CondStan#66,"""身体が動かねえ……<br>なんだよこれ！"""
CondMirage#66,"""なんだあ？<br>世界がぼやけてるぞ？"""
Die#66,"""Aunque finalmente lo encontre..."""
ThankHeal#66,"""Uf, eso fue util."""
ThankBuff#66,"""Bien, ¡hagamos lo mejor que podamos!"""
ThankCure#66,"""スッキリしたぜ<br>ありがとな"""
DefeatEnemy#66,"""Uf, ¿funciono de alguna manera?"""
LevelUp#66,"""¡Yo tampoco puedo perder!"""
InvokeSkill1#63,"""¡No te muevas!"""
InvokeSkill2#61,"""¡Soy yo!"""
InvokeSkill3#59,"""¡Lo vi, ahi estaba!"""
TechThunder#33,"""¡Sera una restriccion!"""
PBFull#64,"""¡Haz lo que quieras!"""
PBRelease#66,"""¡La mano en la espalda esta activada!"""
TacticsFree#27,"""¡Puedes hacer lo que quieras!"""
TacticsGuard#27,"""¡Confio en mi capacidad para escapar!"""
TacticsMassedAttack#27,"""¡Es un bombardeo!"""
TacticsAttack#27,"""お、おれがひきつける！<br>……早めに助けてくれよ？"""
Avoid#66,"""¡Guau!"""
HealSelf#66,"""Pense que iba a morir"""
BuffSelf#66,"""¡Asegurate de prepararte!"""
HealOther#66,"""Oye oye, ¿estas bien?"""
BuffOther#66,"""¡No olvides la asistencia!"""
QuestStart1#66,"""¡Esta bien, vamonos!"""
QuestStart2#21,"""¡Hagamos lo mejor que podamos juntos, amigo!"""
QuestEnd1#66,"""¡Se acabo!"""
QuestEnd2#25,"""やったな相棒！<br>カンペキだろ！"""
IncidentStart#66,"""¿Q-que es?"""
IncidentSuccess#66,"""¡Esta bien!"""
IncidentFailure#66,"""Gege..."""
PSE#66,"""¡Muy bien, ha comenzado!"""
PSELevelUp#66,"""¡Sigamos adelante!"""
PSEBurst#66,"""¡Vamos, vamos!"""
HP30#66,"""待て待て、落ち着けって！<br>マジ痛いんだから！"""
HP10#66,"""Ya quiero huir..."""
ItemRare#66,"""yo tambien lo quiero"""
DamageSmall#66,"""mar maldito"""
DamageMiddle#66,"""Arg"""
DamageLarge#66,"""Oh, no...!"""
Trap#66,"""¡Es una trampa! ?"""
ThankTrapRescue#66,"""Bueno, gracias"""
TrapRescueOther#66,"""¡Ese era un lugar peligroso!"""
MemberDamaged#66,"""¡No te excedas!"""
MemberDead#66,"""……どういうことだよ<br>クソッ！"""
AbilityExe#66,"""/toge Jeje, ¡me siento mejor!"""
AbilitySpecial#66,"""/toge ¡Dejamelo a mi!"""
Resurrect#66,"""...¡Aun tenemos que partir de aqui!"""
PartyJoin#75,"""/ci1 1 Como siempre, por favor, amigo."""
Marvelous#66,"""¡Como se esperaba!"""
IncidentJsApcBegin#69,"""/toge /ci2 2 相棒！\u3000ちょうどいいところに！<br>おれ一人じゃ手に負えない数でさ……<br>悪いけど手伝ってくれ！"""
IncidentJsApcFailure#65,"""こ、これ以上はきつい……<br>すまん相棒、おれ撤退させてもらうわ。"""
IncidentJsApcSuccess#69,"""/ci2 1 とりあえず片付いたみたいだな。<br>やっぱりお前がいると百人力だぜ！<br>ありがとな、相棒！"""
IncidentJsApcBeginEvo#67,"""/toge /ci3 2 ななっ、なんだよ！<br>すっげー巨大な敵性反応！？<br>相棒、気をつけろよ！"""
EnemyWeak#67,"""ふふ、かわいい{whi}<pict cute_icon>{def}"""
EnemyLarge#67,"""parece un poco fuerte"""
EnemyBoss#67,"""やっ{whi}<pict cute_icon>{def}\u3000おっきい{whi}<pict cute_icon>{def}"""
EnemyRare#67,"""レアな子がいます{whi}<pict cute_icon>{def}"""
EnemyBoost#67,"""真っ赤になって、かわいい{whi}<pict cute_icon>{def}"""
DestroyEnemy1#67,"""¿Que opinas?"""
DestroyEnemy2#67,"""えいっ{whi}<pict cute_icon>{def}"""
DestroyEnemy3#64,"""やっちゃいました{whi}<pict cute_icon>{def}"""
CondFreeze#67,"""カチンコチンです……{whi}<pict cute_icon>{def}"""
CondBurn#67,"""体が熱いです……{whi}<pict cute_icon>{def}"""
CondShock#67,"""身体の奥までシビれちゃいます……{whi}<pict cute_icon>{def}"""
CondPoison#67,"""かわいいものには<br>毒があるんですよ……{whi}<pict cute_icon>{def}"""
CondPanic#67,"""やん、私をフラフラにさせて<br>どうするつもりですか{whi}<pict cute_icon>{def}"""
CondStan#67,"""クラクラしちゃいます{whi}<pict cute_icon>{def}"""
CondMirage#67,"""やーん、攻撃があたらなーい{whi}<pict cute_icon>{def}"""
Die#67,"""Lo lamento"""
ThankHeal#67,"""回復ありがとうございます{whi}<pict cute_icon>{def}"""
ThankBuff#67,"""補助、嬉しいです{whi}<pict cute_icon>{def}"""
ThankCure#67,"""助かっちゃいました{whi}<pict cute_icon>{def}"""
DefeatEnemy#67,"""これで、お邪魔な虫は<br>いなくなりましたね……{whi}<pict cute_icon>{def}"""
LevelUp#67,"""¡Felicidades!"""
InvokeSkill1#64,"""えいっ{whi}<pict cute_icon>{def}"""
InvokeSkill2#62,"""そーれっ{whi}<pict cute_icon>{def}"""
InvokeSkill3#60,"""見てください{whi}<pict cute_icon>{def}"""
TechFire#31,"""燃え上がりましょう{whi}<pict cute_icon>{def}"""
TechIce#32,"""硬くさせちゃいますよ……{whi}<pict cute_icon>{def}"""
TechThunder#34,"""シビれさせちゃいます……{whi}<pict cute_icon>{def}"""
TechWind#31,"""かき乱しちゃいますね……{whi}<pict cute_icon>{def}"""
TechLight#35,"""光源になりそう{whi}<pict cute_icon>{def}"""
TechDark#33,"""暗くしてから楽しみましょう{whi}<pict cute_icon>{def}"""
PBFull#65,"""私……溜まっちゃいました……{whi}<pict cute_icon>{def}"""
PBRelease#67,"""¡Explosion de fotones!"""
Avoid#67,"""あたりませんよ{whi}<pict cute_icon>{def}"""
HealSelf#67,"""自分でします{whi}<pict cute_icon>{def}"""
BuffSelf#67,"""ぱわーあっぷです{whi}<pict cute_icon>{def}"""
HealOther#67,"""たくさん癒やされてくださいね{whi}<pict cute_icon>{def}"""
BuffOther#67,"""元気になってくださいね{whi}<pict cute_icon>{def}"""
QuestStart1#67,"""そんなに緊張しなくても<br>大丈夫ですよー{whi}<pict cute_icon>{def}"""
QuestEnd1#67,"""おつかれさまでしたー{whi}<pict cute_icon>{def}"""
IncidentStart#67,"""Algo me molesta..."""
IncidentSuccess#67,"""ふふ、素敵でしたよ{whi}<pict cute_icon>{def}"""
IncidentFailure#67,"""残念です……次は頑張りましょう{whi}<pict cute_icon>{def}"""
PSE#67,"""Es PSE."""
PSELevelUp#67,"""ＰＳＥが強くなってます{whi}<pict cute_icon>{def}"""
PSEBurst#67,"""バースト、しちゃいました{whi}<pict cute_icon>{def}"""
HP30#67,"""todavia esta bien"""
HP10#67,"""もう……だめ……{whi}<pict cute_icon>{def}"""
ItemRare#67,"""おめでとうございますー{whi}<pict cute_icon>{def}"""
DamageSmall#67,"""¡Hurra!"""
DamageMiddle#67,"""pasta de frijol……"""
DamageLarge#67,"""¡Quiero quedarme!"""
Trap#67,"""やあん……動けないです{whi}<pict cute_icon>{def}"""
ThankTrapRescue#67,"""ありがとうございます。<br>お礼、させてください……{whi}<pict cute_icon>{def}"""
TrapRescueOther#67,"""Fufu, ese era un lugar peligroso."""
MemberDamaged#67,"""無理しないでください{whi}<pict cute_icon>{def}"""
MemberDead#67,"""¿Estas bien?"""
AbilityExe#67,"""なんだか、身体が火照ってきて……{whi}<pict cute_icon>{def}"""
AbilitySpecial#67,"""ふふっ{whi}<pict cute_icon>{def}\u3000ネカマのホンキ……<br>見せちゃいます{whi}<pict cute_icon>{def}"""
Resurrect#67,"""Todavia hare mi mejor esfuerzo"""
PartyJoin#76,"""/ci2 1 よろしくおねがいします{whi}<pict cute_icon>{def}"""
Marvelous#67,"""すごくドキドキしました{whi}<pict cute_icon>{def}"""
IncidentJsApcBegin#70,"""/ci2 2 あら……こんなところで会うなんて<br>偶然ですねー。せっかくですし<br>ちょっと手伝ってもらえますか？"""
IncidentJsApcFailure#66,"""ああ、失敗ですね……<br>足を引っ張っちゃってごめんなさい……<br>また、機会があればお願いしますね。"""
IncidentJsApcSuccess#70,"""/ci8 1 とっても助かっちゃいました。<br>お礼に後で、私の部屋に来ませんか{whi}<pict cute_icon>{def}"""
IncidentJsApcBeginEvo#68,"""/ci1 1 まだ、やるんですか……？<br>しょうがないですね{whi}<pict cute_icon>{def}"""
EnemyWeak#68,"""Limpiemos rapido"""
EnemyLarge#68,"""Evitara la oxidacion de tus botas."""
EnemyBoss#68,"""Me emociono cuando es grande"""
EnemyRare#68,"""¡Es un enemigo raro!"""
EnemyBoost#68,"""¡Ten cuidado!"""
DestroyEnemy1#68,"""Esto se acabo"""
DestroyEnemy2#68,"""Hubo una respuesta."""
DestroyEnemy3#65,"""Se lo di al oxido de mis botas."""
CondFreeze#68,"""El mecanismo congelado en hielo tambien es inusual..."""
CondBurn#68,"""¡Incluso los miembros del elenco son inflamables!"""
CondShock#68,"""帯電はそれっぽくて好きですよ。<br>ちょっと動きづらいですが"""
CondPoison#68,"""関節の隙間に毒が染みこむ……！<br>みたいな。"""
CondPanic#68,"""全身のパーツが<br>バラバラになりそうです……！<br>あ、めっちゃ興奮してきた"""
CondStan#68,"""Me late la cabeza..."""
CondMirage#68,"""視界がチカチカして……<br>蹴ってしまったらごめんなさい！"""
Die#68,"""Parece que estoy sufriendo de falta de sueйo..."""
ThankHeal#68,"""¡La recuperacion es util!"""
ThankBuff#68,"""¡Gracias por tu ayuda!"""
ThankCure#68,"""¡Estoy de vuelta en buena forma!"""
DefeatEnemy#68,"""Parece que esta zona ha sido limpiada."""
LevelUp#68,"""¡Oye, lo lograste!"""
InvokeSkill1#65,"""Voy"""
InvokeSkill2#63,"""¿Que tal esto?"""
InvokeSkill3#61,"""Eso es todo"""
TechFire#32,"""¡Tu tambien puedes hacer esto!"""
TechIce#33,"""¡Vamos a congelarlo!"""
TechThunder#35,"""Lightning y Robo...eso es bueno..."""
TechWind#32,"""¡Provocare una tormenta!"""
TechLight#36,"""光あふれるキャスト……<br>えっっちだ……"""
TechDark#34,"""闇を纏うキャスト……<br>えっっちだ……"""
PBFull#66,"""Todo esto esta listo."""
PBRelease#68,"""¡Realmente voy!"""
Avoid#68,"""Union Postal Universal"""
HealSelf#68,"""Manejar tu fuerza fisica es importante"""
BuffSelf#68,"""La preparacion es importante."""
HealOther#68,"""¿DE ACUERDO?"""
BuffOther#68,"""Brindemos mucha ayuda."""
QuestStart1#68,"""Empecemos, ¿de acuerdo?"""
QuestEnd1#68,"""¡Lo hiciste!"""
IncidentStart#68,"""Oye, algo vino."""
IncidentSuccess#68,"""Lo hice"""
IncidentFailure#68,"""Es Don Mai. Hagamos nuestro mejor esfuerzo la proxima vez"""
PSE#68,"""PSE ha comenzado"""
PSELevelUp#68,"""Quiero subir el nivel aun mas."""
PSEBurst#68,"""¡Ahora ha llegado la explosion!"""
HP30#68,"""todavia estara bien"""
HP10#68,"""壊れかけのキャスト……<br>ロマンがあっていいですね！"""
ItemRare#68,"""/toge ¡De ninguna manera, estas son botas de ★15! ?"""
DamageSmall#68,"""mar maldito"""
DamageMiddle#68,"""Aaa..."""
DamageLarge#68,"""Pa, las partes...!"""
Trap#68,"""cai en una trampa"""
ThankTrapRescue#68,"""gracias"""
TrapRescueOther#68,"""por favor tenga cuidado"""
MemberDamaged#68,"""¿Estas bien?"""
MemberDead#68,"""ah. lo he hecho"""
AbilityExe#68,"""なんだか調子いいです。<br>具体的には関節部がより滑らかに！"""
AbilitySpecial#68,"""いい感じになってきました！<br>めっちゃギュルルルしますよー！"""
Resurrect#68,"""ここからがキャストの<br>本領発揮です！"""
PartyJoin#77,"""/ci1 1 ちょうど暇してたんです。<br>どこ行きます？"""
Marvelous#68,"""¡Oh, estas tan emocionado!"""
IncidentJsApcBegin#71,"""/ci1 2 こんなところで偶然ですねー。<br>よければ少し手伝ってもらったり<br>してもいいですか？"""
IncidentJsApcFailure#67,"""あー、失敗しちゃいましたね。<br>まあ仕方ありませんよね。<br>気にしないでくださいねー。"""
IncidentJsApcSuccess#71,"""/ci2 1 手伝いありがとうございましたー。<br>いやー、凄いですねー。<br>とても助かりました。"""
IncidentJsApcBeginEvo#69,"""/ci3 1 これで終わり……じゃないですね。<br>おかわりが来るみたいですよ。<br>引き続きお願いしますねー。"""
EnemyWeak#69,"""¡Hare lo mejor que pueda!"""
EnemyLarge#69,"""Parece un poco fuerte..."""
EnemyBoss#69,"""¡Ha llegado el grande!"""
EnemyRare#69,"""Es un niйo raro, ¿no?"""
EnemyBoost#69,"""¡Vaya, eso es un poco peligroso!"""
DestroyEnemy1#69,"""Lo hice"""
DestroyEnemy2#69,"""Eh"""
DestroyEnemy3#66,"""¿Que opinas?"""
CondFreeze#69,"""Me quede estancado..."""
CondBurn#69,"""¡Guau, esta ardiendo!"""
CondShock#69,"""Me senti entumecido..."""
CondPoison#69,"""Se ha vuelto venenoso..."""
CondPanic#69,"""わあー、そうsdwさghjkewa<br>おkaしkkuなteruuewqqni猫ghjdsa<br>たすkltejkyudsさui！"""
CondStan#69,"""Ah, es Piyo Piyo"""
CondMirage#69,"""El ataque no da bien."""
Die#69,"""Lo siento……"""
ThankHeal#69,"""¡Gracias!"""
ThankBuff#69,"""¡Me alegro por la ayuda!"""
ThankCure#69,"""¡Gracias por su ayuda!"""
DefeatEnemy#69,"""¡Hiciste lo mejor que pudiste!"""
LevelUp#69,"""Vaya, estoy celoso"""
InvokeSkill1#66,"""Eso es todo"""
InvokeSkill2#64,"""liebre"""
InvokeSkill3#62,"""¿Que tal esto?"""
TechFire#33,"""Por favor quemalo"""
TechIce#34,"""Por favor congelar"""
TechThunder#36,"""estoy entumecido"""
TechWind#33,"""Por favor, sopla"""
TechLight#37,"""brillaremos"""
TechDark#35,"""Va a estar completamente oscuro"""
PBFull#67,"""¡Estas listo!"""
PBRelease#69,"""¡Te traere algo increible!"""
Avoid#69,"""Vaya, eso fue peligroso."""
HealSelf#69,"""Kaifuku Kaifuku"""
BuffSelf#69,"""Supongo que necesito ayuda."""
HealOther#69,"""Si, por favor recuperese."""
BuffOther#69,"""te ayudare"""
QuestStart1#69,"""Estoy deseando que llegue"""
QuestEnd1#69,"""Gracias por tu arduo trabajo"""
IncidentStart#69,"""¡Vaya, parece que ha llegado algo!"""
IncidentSuccess#69,"""¡Lo hiciste!"""
IncidentFailure#69,"""失敗は成功のもとですから<br>気にしないでくださいね"""
PSE#69,"""PSE ha comenzado"""
PSELevelUp#69,"""PSE ¡Enciende!"""
PSEBurst#69,"""¡Ha llegado el estallido!"""
HP30#69,"""¡Todavia esta bien!"""
HP10#69,"""Uf, podria ser peligroso..."""
ItemRare#69,"""Vaya, felicidades"""
DamageSmall#69,"""Puaj"""
DamageMiddle#69,"""suspiro"""
DamageLarge#69,"""itata"""
Trap#69,"""¡Guau! ? \u3000Me sorprendi..."""
ThankTrapRescue#69,"""Gracias por ayudarme"""
TrapRescueOther#69,"""Vaya, eso es peligroso"""
MemberDamaged#69,"""Por favor no te excedas"""
MemberDead#69,"""¡Guau! \u3000¡Es dificil, es dificil!"""
AbilityExe#69,"""Siento que lo estoy haciendo bien."""
AbilitySpecial#69,"""¡Parece que puedo hacer cualquier cosa!"""
Resurrect#69,"""¡Seguire dando lo mejor de mi!"""
PartyJoin#78,"""/ci1 1 Me alegra que me hayas invitado."""
Marvelous#69,"""¡Es genial!"""
IncidentJsApcBegin#72,"""/ci1 2 こんなところで、奇遇ですねー。<br>よかったら一緒にどうですか？<br>手伝ってもらえるとうれしいですー。"""
IncidentJsApcFailure#68,"""失敗しちゃいましたね……<br>あ、気にしなくて大丈夫ですよー。<br>また、ご一緒しましょうねー。"""
IncidentJsApcSuccess#72,"""/ci2 1 お手伝い、ありがとうございますー！<br>あなたのおかげで大成功でした。<br>またお願いしますねー！"""
IncidentJsApcBeginEvo#70,"""/ci1 2 これで終わりかな……って、あれ？<br>まだ来るみたいですねー。<br>もう少し、お付き合いくださいねー。"""
EnemyWeak#70,"""Limpiemoslo rapido"""
EnemyLarge#70,"""Preparemonos"""
EnemyBoss#70,"""Es grande, pero no hay problema."""
EnemyRare#70,"""Eso es algo raro."""
EnemyBoost#70,"""Esta duro. por favor tenga cuidado"""
DestroyEnemy1#70,"""No me importa nada mas"""
DestroyEnemy2#70,"""A este lo derrote"""
DestroyEnemy3#67,"""¿Estuvo bien?"""
CondFreeze#70,"""...Me congele."""
CondBurn#70,"""...Esta ardiendo."""
CondShock#70,"""...Me senti entumecido."""
CondPoison#70,"""...¿Venenoso?"""
CondPanic#70,"""Bueno, no consigo hacerlo funcionar..."""
CondStan#70,"""Lo-lo siento, no puedo moverme..."""
CondMirage#70,"""El ataque no da bien..."""
Die#70,"""baje la guardia"""
ThankHeal#70,"""Gracias por tu recuperacion"""
ThankBuff#70,"""Gracias por tu ayuda"""
ThankCure#70,"""gracias por su ayuda"""
DefeatEnemy#70,"""Parece que se aclaro"""
LevelUp#70,"""felicidades"""
InvokeSkill1#67,"""Voy"""
InvokeSkill2#65,"""¿Que tal esto?"""
InvokeSkill3#63,"""Por favor este preparado"""
PBFull#68,"""Los preparativos para el reves estan completos."""
PBRelease#70,"""Eso es todo por jugar."""
Avoid#70,"""No es un exito"""
HealSelf#70,"""me recuperare"""
BuffSelf#70,"""me preparare"""
HealOther#70,"""se recuperara"""
BuffOther#70,"""La preparacion es importante"""
QuestStart1#70,"""vamos"""
QuestEnd1#70,"""Gracias por tu arduo trabajo"""
IncidentStart#70,"""Es E-Tora."""
IncidentSuccess#70,"""Eso es un exito. Gracias por tu arduo trabajo"""
IncidentFailure#70,"""Es un fracaso. Hagamos nuestro mejor esfuerzo la proxima vez"""
PSE#70,"""PSE ha comenzado"""
PSELevelUp#70,"""Subir de nivel PSE"""
PSEBurst#70,"""バーストしましたね。<br>集まりましょう"""
HP30#70,"""todavia estoy bien"""
HP10#70,"""Maldicion..."""
ItemRare#70,"""Felicitaciones Leadoro."""
DamageSmall#70,"""Puaj"""
DamageMiddle#70,"""Tia no..."""
DamageLarge#70,"""Arg"""
Trap#70,"""...cai en una trampa"""
ThankTrapRescue#70,"""gracias. gracias por su ayuda"""
TrapRescueOther#70,"""Ten cuidado con las trampas"""
MemberDamaged#70,"""Por favor tenga cuidado con el sitio web."""
MemberDead#70,"""¿DE ACUERDO?"""
AbilityExe#70,"""Parece que lo estas haciendo bien"""
AbilitySpecial#70,"""Esta bien que me lo dejes a mi"""
Resurrect#70,"""esta a punto de suceder"""
PartyJoin#79,"""/ci1 1 por favor"""
Marvelous#70,"""Como se esperaba"""
IncidentJsApcBegin#73,"""/ci1 3 どうも。良い所で会いました。<br>すみませんが、少し手伝ってもらっても<br>いいですか？\u3000お願いします。"""
IncidentJsApcFailure#69,"""失敗してしまいましたね。<br>次は成功するように頑張りましょう。"""
IncidentJsApcSuccess#73,"""/ci2 1 協力、ありがとうございました。<br>手伝ってもらったおかげで<br>無事に成功しました。それではまた。"""
IncidentJsApcBeginEvo#71,"""/ci3 1 どうやら次が来るみたいですね。<br>引き続き、お願いします。"""
EnemyWeak#71,"""あらあらあ、雑魚さんが<br>迷い込んだんですかあ？"""
EnemyLarge#71,"""大きいことはいいことですよお<br>どこを狙っても当たりますからねえ"""
EnemyBoss#71,"""すごい強そうな感じですねえ<br>楽しそうな相手ですよお"""
EnemyRare#71,"""あらあらあらあ？<br>珍しいのがうろちょろしてますねえ<br>撃ってみたいですねえ"""
EnemyBoost#71,"""あれは……なんでしょうねえ？<br>なんとも不気味で不思議で<br>こわーい感じですよお？"""
DestroyEnemy1#71,"""Jejejejejeje"""
DestroyEnemy2#71,"""¿Donde esta el proximo juguete?"""
DestroyEnemy3#68,"""いいですねえ<br>とっても楽しいですよお"""
CondFreeze#71,"""かちんこちんに<br>凍っちゃいましたねえ<br>今のリサ、とーっても冷たいですよお"""
CondBurn#71,"""Jejeje, ¿que tal la Lisa en llamas?"""
CondShock#71,"""いいですねえ、痺れる瞬間に<br>トリガーをにぎっているのが<br>たまらないですよお……"""
CondPoison#71,"""毒の気持ち悪さって<br>なかなかどうして、いいですねえ"""
CondPanic#71,"""混乱してても変わりませんよお<br>リサはいっつも混乱してるような<br>ものですからねえ"""
CondStan#71,"""短時間とはいえ<br>身動き取れないというのは……<br>そそりますねえ"""
CondMirage#71,"""よおく見えませんが<br>まあ、ばらまけば変わりませんねえ"""
Die#71,"""...No esta mal..."""
ThankHeal#71,"""Jeje, eso fue util."""
ThankBuff#71,"""Entonces hare lo mejor que pueda."""
ThankCure#71,"""すっきりしたので<br>もっと殺ってきますねえ"""
DefeatEnemy#71,"""¿No hay otros enemigos?"""
LevelUp#71,"""Te has vuelto mas fuerte"""
InvokeSkill1#68,"""Por favor no te muevas"""
InvokeSkill2#66,"""¿No se siente bien?"""
InvokeSkill3#64,"""Jejeje, por favor baila."""
PBFull#69,"""もっと楽しいこと<br>知りたいんですかあ？"""
PBRelease#71,"""Se vuelve divertido desde aqui"""
TacticsFree#28,"""Te dejare hacer lo que quieras."""
TacticsGuard#28,"""守りを固めて<br>のちのち百倍返しですねえ"""
TacticsMassedAttack#28,"""Acosemoslos intensamente"""
TacticsAttack#28,"""Enemigo de esta manera, hacia el arma."""
Avoid#71,"""¿Dios mio?"""
HealSelf#71,"""Tal vez es hora de recuperarse"""
BuffSelf#71,"""補助があれば<br>もっと楽しめそうですねえ"""
HealOther#71,"""Por favor recuperese correctamente"""
BuffOther#71,"""No te olvides del subsidio, ¿vale?"""
QuestStart1#71,"""Jeje, jejeje"""
QuestStart2#22,"""いいですよお<br>一緒に楽しみましょうねえ"""
QuestEnd1#71,"""Se acabo"""
QuestEnd2#26,"""もっとずうっと<br>楽しみたかったんですけどねえ"""
IncidentStart#71,"""Jeje, algo parece que va a pasar."""
IncidentSuccess#71,"""Parece que fue bien"""
IncidentFailure#71,"""Es frustrante, ¿no?"""
PSE#71,"""おやおやおやおや<br>これってこれってもしかして？"""
PSELevelUp#71,"""はいはいはいはい<br>どんどん続けていきましょうねえ"""
PSEBurst#71,"""ふふっ、うっとりするほど<br>すばらしいですねえ"""
HP30#71,"""estoy empezando a sentirme mejor"""
HP10#71,"""いいですねぇ……<br>このギリギリな感じ"""
ItemRare#71,"""それっていいものですよねえ<br>いいですねえ、ふふっ"""
DamageSmall#71,"""Puaj"""
DamageMiddle#71,"""Jejeje"""
DamageLarge#71,"""Yo quiero"""
Trap#71,"""罠にかかるのも<br>なかなか新鮮ですねえ"""
ThankTrapRescue#71,"""罠にかかったごっこは<br>おしまいですかあ？"""
TrapRescueOther#71,"""罠、どうでした？<br>気持ちよかったですかあ？"""
MemberDamaged#71,"""無理をしていいのは<br>リサだけですよお？"""
MemberDead#71,"""ふうん、ふむふむ……<br>これはこれは、久々に<br>怒ってきちゃいましたね"""
AbilityExe#71,"""/toge うふふっ、ふふふふっ<br>調子、出てきましたよお"""
AbilitySpecial#71,"""/toge ¡Dejalo en manos de Lisa!"""
Resurrect#71,"""buen dia"""
PartyJoin#80,"""/ci1 1 Por favor tenga cuidado."""
Marvelous#71,"""La presa ha sido capturada."""
IncidentJsApcBegin#74,"""/ci5 2 おやおやおやあー？<br>どうしてこんなに獲物がいるのに<br>リサを呼んでくれないんですかあ？"""
IncidentJsApcFailure#70,"""……んー、リサはなんだか<br>飽きちゃいました。帰りますね。<br>それでは、それではでは。"""
IncidentJsApcSuccess#74,"""/ci4 3 もう終わりなんですかあ？<br>うーん……もっと戦りたいですねえ。<br>だからリサは、ふらりと去りますよお。"""
IncidentJsApcBeginEvo#72,"""/ci2 4 あらあらあらあ？<br>まだまだ来るみたいですよお？"""
EnemyWeak#72,"""小さいからといって<br>容赦はしません"""
EnemyLarge#72,"""鎧を捨てた私に<br>ついて来られますか！"""
EnemyBoss#72,"""少々手強そうです。<br>ご注意を"""
EnemyRare#72,"""Parece un enemigo raro."""
EnemyBoost#72,"""赤いですね……<br>そう、赤と言えばヒツギさんに聞いた<br>イチゴかき氷……気になります"""
DestroyEnemy1#72,"""¡No bajes la guardia!"""
DestroyEnemy2#72,"""¡Ahi esta!"""
DestroyEnemy3#69,"""¡No puedes vencer el calor!"""
CondFreeze#72,"""素肌にこの冷たさは<br>厳しすぎます……！"""
CondBurn#72,"""この身が燃えるように熱いのは<br>夏のせいでしょうか？"""
CondShock#72,"""Me senti entumecido..."""
CondPoison#72,"""こ、これは……毒……？<br>油断しました……"""
CondPanic#72,"""ふふ、太陽が照りつける夏の浜辺で<br>兄様が水着で楽しそうに……はっ！？<br>私は、幻覚を見て……！？"""
CondStan#72,"""くっ、申し訳ありません。<br>動けなくなってしまって……"""
CondMirage#72,"""うっ、視界がっ……<br>夏の日差しに目がくらんだかの<br>ようです……"""
Die#72,"""私は……<br>ここでは死ねないんです……"""
ThankHeal#72,"""¡gracias!"""
ThankBuff#72,"""¡Gracias por su ayuda!"""
ThankCure#72,"""感謝いたします。<br>もう万全です！"""
DefeatEnemy#72,"""不穏な気配はもう感じません……<br>この付近の敵は一掃したようですね"""
LevelUp#72,"""¡Captare ese brillo en mis ojos!"""
InvokeSkill1#69,"""¿Que opinas?"""
InvokeSkill2#67,"""¡No toleraremos ninguna interferencia!"""
InvokeSkill3#65,"""¡Dejamelo a mi!"""
TechFire#34,"""¡Bronceado!"""
TechIce#35,"""¡Refresca!"""
TechThunder#37,"""¡Trueno, conviertete en mis garras!"""
TechWind#34,"""¡Viento, conviertete en mi espada!"""
TechLight#38,"""¡Luz, conviertete en mi espada!"""
TechDark#36,"""¡Oscuridad, conviertete en mi lanza!"""
PBFull#70,"""夏を楽しむ皆の声が聞こえます。<br>私が守るべき命の声です！"""
PBRelease#72,"""この身、この命……！<br>民のために捧げます！"""
Avoid#72,"""¡Aqui lo tienes!"""
HealSelf#72,"""No te preocupes"""
BuffSelf#72,"""¡Yo te ayudare!"""
HealOther#72,"""¡Ahora puedes recuperarte!"""
BuffOther#72,"""Por favor usa este poder"""
QuestStart1#72,"""¡Harriet, estoy aqui...!"""
QuestEnd1#72,"""夏を謳歌するとは<br>こういうことなのですね"""
IncidentStart#72,"""押し迫るこの気配は……！<br>警戒してください！"""
IncidentSuccess#72,"""¡Me siento honrado de poder ayudar!"""
IncidentFailure#72,"""申し訳ありません。<br>私が至らぬばかりに……"""
PSE#72,"""熱意の高まりを感じます……<br>私たちを導いているようです！"""
PSELevelUp#72,"""さらに熱意が高まって……<br>この調子で、続けましょう！"""
PSEBurst#72,"""凄い……！<br>これがうわさに聞く<br>夏祭りなのですね！"""
HP30#72,"""ぐっ……<br>この程度では<br>私は止まりません……！"""
HP10#72,"""この命、尽きるまで……<br>私は、戦い続けます！"""
ItemRare#72,"""Es tan raro como la nieve en pleno verano."""
DamageSmall#72,"""Tsu..."""
DamageMiddle#72,"""¡Ah!"""
DamageLarge#72,"""¡Kyaaaah...!"""
Trap#72,"""¡Nunca pense que fuera una trampa...!"""
ThankTrapRescue#72,"""……助かりました。<br>不覚を取ってしまいました"""
TrapRescueOther#72,"""罠に……！<br>少々お待ちを。今助けます！"""
MemberDamaged#72,"""お下がりください！<br>ここは私が！"""
MemberDead#72,"""ああ……そんな……<br>お役に立てなかった……"""
AbilityExe#72,"""¡Ah, rebosante de poder...!"""
AbilitySpecial#72,"""¡Parece que ahora todo es posible!"""
Resurrect#72,"""この魂朽ちぬ限り<br>私は死にません！"""
PartyJoin#81,"""/ci1 1 ¡Hare lo mejor que pueda!"""
Marvelous#72,"""¡Como se esperaba de un guerrero guardian...!"""
IncidentJsApcBegin#75,"""/ci1 2 <%me>様！<br>夏を満喫していたのですが<br>急に襲われまして……ご助力を！"""
IncidentJsApcFailure#71,"""慣れない水着に気を取られました……<br>すみません、撤退いたします。"""
IncidentJsApcSuccess#75,"""/ci2 1 お見事です！<br>守護輝士も一息つきましたら<br>私たちと夏を満喫しましょうね。"""
IncidentJsApcBeginEvo#73,"""/ci3 2 どうやらこれで終わり……いえ！<br>まだ来ます、<%me>様！<br>お気をつけを！"""
EnemyWeak#73,"""¡Incluso puedes usar traje de baйo!"""
EnemyLarge#73,"""わっ、すごい。<br>大きいのが出てきたよ！"""
EnemyBoss#73,"""<%me>と<br>一緒にいるから、どんな敵でも<br>怖くないんだよ！"""
EnemyRare#73,"""見て、めずらしいよ！<br>……って、水着のわたしじゃなくて<br>エネミーのほう！"""
EnemyBoost#73,"""……あの敵、夏の砂浜みたいに<br>熱くなってる。気を付けてね！"""
DestroyEnemy1#73,"""¡Mira, logre vencerlo!"""
DestroyEnemy2#73,"""¿Es por el traje de baйo? \u3000¡Estoy bien!"""
DestroyEnemy3#70,"""¡Hurra!"""
CondFreeze#73,"""¡Vaya, hace demasiado frio!"""
CondBurn#73,"""あ、あちちちっ！<br>これ以上、薄着できないよ！"""
CondShock#73,"""me siento entumecido..."""
CondPoison#73,"""毒、かな……<br>なんか気持ち悪いよ……"""
CondPanic#73,"""ええっ、<%me>！？<br>ど、どうしたの、その水着……！？<br>目のやり所に困るよう……"""
CondStan#73,"""Supongo que estoy cansada por el verano, me siento mareada..."""
CondMirage#73,"""Es tan esponjoso que no puedo ver bien..."""
Die#73,"""失敗しちゃった。<br>ごめんなさい……"""
ThankHeal#73,"""gracias como siempre"""
ThankBuff#73,"""Gracias. Jejeje"""
ThankCure#73,"""Estoy bien ahora. fui salvado"""
DefeatEnemy#73,"""この辺りは倒しちゃったね。<br>早く先に進もう？"""
LevelUp#73,"""あっ<br>おめでとう！"""
InvokeSkill1#70,"""¡Hare lo mejor que pueda!"""
InvokeSkill2#68,"""¡Yaaaa!"""
InvokeSkill3#66,"""¡Esto es todo!"""
TechFire#35,"""¡Hace mas calor que el sol de verano!"""
TechIce#36,"""¡No te dejare escapar!"""
TechThunder#38,"""¡No me atajes!"""
TechWind#35,"""¡Viento, cortalo!"""
TechLight#39,"""¡Brilla, luz!"""
TechDark#37,"""¡Oscuridad, dispara!"""
PBFull#71,"""水着だからかな？<br>いつもより早く準備できたよ！"""
PBRelease#73,"""わたしはもう……<br>ひとりじゃないからっ！"""
Avoid#73,"""¡Si!"""
HealSelf#73,"""me recuperare pronto"""
BuffSelf#73,"""もっと強くなって<br>みんなを守らなきゃ"""
HealOther#73,"""無理しなくていいんだよ。<br>わたしがついてるから！"""
BuffOther#73,"""補助するね……ふふっ。<br>もっと頼もしくなったね"""
QuestStart1#73,"""よーっし！<br>がんばるよー！"""
QuestEnd1#73,"""お疲れさま！<br>さあ、一緒に夏を楽しもうね！"""
IncidentStart#73,"""¡Hay un problema!"""
IncidentSuccess#73,"""¡Ah, funciono!"""
IncidentFailure#73,"""うう、ごめんなさい……<br>迷惑かけちゃったね……"""
PSE#73,"""あ。フォトンの感じが……<br>なにか始まるみたいだよ！"""
PSELevelUp#73,"""すごい！\u3000まただ……<br>もっともっと、がんばろう！"""
PSEBurst#73,"""やった！<br>ＰＳＥバーストだね！"""
HP30#73,"""うっ……へ、平気だよ！<br>まだまだいけるんだから！"""
HP10#73,"""あうっ……！<br>ちょっとまずいかな……"""
ItemRare#73,"""あっ、珍しいものだよね？<br>夏の思い出にしようね！"""
DamageSmall#73,"""¡Ahi estaba...!"""
DamageMiddle#73,"""¡Hurra!"""
DamageLarge#73,"""¡Guau! !"""
Trap#73,"""¡Que, una trampa! ?"""
ThankTrapRescue#73,"""ありがとう……<br>すっごく助かった"""
TrapRescueOther#73,"""もう大丈夫だよ。<br>気をつけてね！"""
MemberDamaged#73,"""無理せず下がって！<br>わたしがなんとかするから！"""
MemberDead#73,"""ごめんなさい……<br>わたしの力が足りないから……"""
AbilityExe#73,"""¡Si, hare lo mejor que pueda!"""
AbilitySpecial#73,"""¡Me esforzare mas!"""
Resurrect#73,"""¡Hare lo mejor que pueda esta vez!"""
PartyJoin#82,"""/ci1 1 ¡Encantado de conocerte!"""
Marvelous#73,"""すごい！<br>わたしもがんばらないと！"""
IncidentJsApcBegin#76,"""/ci4 5 あ、<%me>！<br>あわわ、ちょっと待って！<br>水着が……！"""
IncidentJsApcFailure#72,"""うう……ごめんなさい……<br>水着が気になって失敗しちゃった。"""
IncidentJsApcSuccess#76,"""/ci8 2 ふうっ、なんとかなったね！<br>それで……この水着なんだけど……<br>や、やっぱり恥ずかしいから今度ね！"""
IncidentJsApcBeginEvo#74,"""/ci3 2 また来たー！<br>がんばろうね、<%me>！"""
EnemyWeak#74,"""¡Limpiemoslo rapido!"""
EnemyLarge#74,"""No importa, ¿verdad?"""
EnemyBoss#74,"""よし、全力で……って<br>この格好、全力で動いても<br>大丈夫だよね？"""
EnemyRare#74,"""あ、珍しいやつだ！<br>あそこだって、ほら！"""
EnemyBoost#74,"""禍々しい気……<br>あたしが祓う！"""
DestroyEnemy1#74,"""¡Vamos a continuacion!"""
DestroyEnemy2#74,"""¡El verano aun no ha terminado!"""
DestroyEnemy3#71,"""¡Lo hiciste!"""
CondFreeze#74,"""ちょっ、水着にそれはっ……<br>ひやあぁぁっ！？"""
CondBurn#74,"""¡Tambien esta ardiendo! ? \u3000¡Achichichi!"""
CondShock#74,"""B... ¡Estoy destrozado...!"""
CondPoison#74,"""¿Es esto veneno...? \u3000 Ku..."""
CondPanic#74,"""あはっ、あはっはっはー！\u3000<br>世界がぐるぐる大かいてーん！"""
CondStan#74,"""¡U-No puedo moverme...!"""
CondMirage#74,"""め、目がちかちか……！<br>花火みたいになって……"""
Die#74,"""ミスった……<br>みんなごめん……！"""
ThankHeal#74,"""¡gracias! \u3000Es util"""
ThankBuff#74,"""¡Gracias por la ayuda! \u3000¡Puedes hacer esto!"""
ThankCure#74,"""Uf, gracias."""
DefeatEnemy#74,"""Parece que todo esta bien por aqui"""
LevelUp#74,"""¡No puedo darme el lujo de perder...!"""
InvokeSkill1#71,"""¡Duele cuando te golpea!"""
InvokeSkill2#69,"""¡Este es el poder de Amamuragumo!"""
InvokeSkill3#67,"""¡Alla!"""
PBFull#72,"""夏の太陽みたいに熱くなってる……<br>準備オッケーだよ！"""
PBRelease#74,"""¡Esta es mi eleccion!"""
Avoid#74,"""¡Yotto!"""
HealSelf#74,"""¡Me he recuperado asi que estoy bien!"""
BuffSelf#74,"""¡Con la maxima potencia...!"""
HealOther#74,"""Parece doloroso... ¿estas bien?"""
BuffOther#74,"""¡Ahora estas listo!"""
QuestStart1#74,"""¿Vamos... Amamuragumo?"""
QuestEnd1#74,"""さっすが、お見事。<br>おつかれさま！"""
IncidentStart#74,"""Esta seйal... ¡ya viene!"""
IncidentSuccess#74,"""¡Muy bien, eso es genial!"""
IncidentFailure#74,"""Si... fue un poco mas..."""
PSE#74,"""¡PSE ha ocurrido!"""
PSELevelUp#74,"""¡Puedo llegar mas lejos!"""
PSEBurst#74,"""きたっ、ＰＳＥバースト！<br>夏のプールみたいに満員御礼だね！"""
HP30#74,"""Es dificil... ¡pero todavia puedo hacerlo!"""
HP10#74,"""¡No me rendire todavia...!"""
ItemRare#74,"""Eh, ¿conseguiste uno raro? \u3000¡Eso es bueno!"""
DamageSmall#74,"""¡Maldicion...!"""
DamageMiddle#74,"""¡Alli estaba!"""
DamageLarge#74,"""¡Eso no es bueno...!"""
Trap#74,"""¡No, es una trampa! ?"""
ThankTrapRescue#74,"""Eso fue peligroso... ¡gracias!"""
TrapRescueOther#74,"""¡Te ayudare de inmediato!"""
MemberDamaged#74,"""¿Todavia puedes ir? \u3000No te esfuerces demasiado"""
MemberDead#74,"""……守れなかった。<br>でも、まだ終わらせない！"""
AbilityExe#74,"""なんだかすごく身体が軽い……<br>もしかして、水着のおかげ？"""
AbilitySpecial#74,"""夏があたしを強くした！<br>なんてね！"""
Resurrect#74,"""……休んでなんか<br>いられないっての！"""
PartyJoin#83,"""/ci2 1 よーっし。<br>頑張ろっかな。"""
Marvelous#74,"""¡Sigue igual...!"""
IncidentJsApcBegin#77,"""/ci1 2 あ、いいところに！<br>遊んでる最中に襲われちゃって……<br>こいつら片付けるの、手伝って！"""
IncidentJsApcFailure#73,"""あたしもまだまだかぁ……<br>遊んでる場合じゃなかったね。<br>ごめん、先に撤退する。"""
IncidentJsApcSuccess#77,"""/ci2 1 終わった終わったー！<br>よーし！\u3000夏を満喫するぞー！<br>良かったら、後で合流ね！"""
IncidentJsApcBeginEvo#75,"""/ci3 2 これで終わり……って<br>また……！？"""
EnemyWeak#75,"""No bajes la guardia"""
EnemyLarge#75,"""¡Dejamelo a mi!"""
EnemyBoss#75,"""¡Sigueme y trabajaremos juntos para derrotarte!"""
EnemyRare#75,"""ほぅ……レアだな<br>いい戦闘データが取れそうだ"""
EnemyBoost#75,"""何をしてくるかわからない<br>警戒を怠るな！！"""
DestroyEnemy1#75,"""destruir el objetivo"""
DestroyEnemy2#75,"""¿Donde esta el proximo objetivo?"""
DestroyEnemy3#72,"""¡No bajes la guardia!"""
CondFreeze#75,"""こんなポーズのまま<br>固まってしまうとは……"""
CondBurn#75,"""くっ……！<br>装甲の薄さが仇になったか……"""
CondShock#75,"""E-estoy entumecido… ¡mmmm!"""
CondPoison#75,"""毒、か……<br>うぅ……侵されていく……"""
CondPanic#75,"""Lastima... ¿es esto una alucinacion? ?"""
CondStan#75,"""くっ……<br>身体がいうことをきかない……！"""
CondMirage#75,"""攻撃精度が落ちているようだ。<br>フォローを頼みたい"""
Die#75,"""¿Yaki... se dio la vuelta...?"""
ThankHeal#75,"""fui salvado"""
ThankBuff#75,"""Cumplamos esas expectativas"""
ThankCure#75,"""Buena decision"""
DefeatEnemy#75,"""Conquistado, pasemos al siguiente campo de batalla."""
LevelUp#75,"""Parece que levantaste el brazo"""
InvokeSkill1#72,"""¡Destruye todo!"""
InvokeSkill2#70,"""¡Se acabo!"""
InvokeSkill3#68,"""¡Conviertete en el oxido de la espada!"""
PBFull#73,"""¡Listo para lanzar!"""
PBRelease#75,"""/toge te dare todo lo que tengo! !"""
Avoid#75,"""Union Postal Universal"""
HealSelf#75,"""El control de daйos tambien forma parte de la estrategia."""
BuffSelf#75,"""Toma todas las precauciones"""
HealOther#75,"""Vamos, levantate"""
BuffOther#75,"""necesitas apoyo"""
QuestStart1#75,"""私が出る以上<br>勝利以外に道はない"""
QuestEnd1#75,"""私が駆け抜けた後に残るのは……<br>屍の山と血の河だけだ"""
IncidentStart#75,"""緊急事態か……問題ない。<br>任務に想定外の展開はつきものだ"""
IncidentSuccess#75,"""Mmm, pude solucionarlo sin ningun problema."""
IncidentFailure#75,"""失敗か……<br>対応策を練る必要があるな"""
PSE#75,"""PSE ha ocurrido"""
PSELevelUp#75,"""El nivel de PSE ha aumentado"""
PSEBurst#75,"""ＰＳＥバーストだ！<br>このチャンス、逃すものか！"""
HP30#75,"""He sufrido bastante daйo."""
HP10#75,"""ダメージが深刻だ……<br>任務続行に支障が出るかもしれない"""
ItemRare#75,"""いい稼ぎになりそうだな。<br>……ああ、たかっているわけじゃないぞ"""
DamageSmall#75,"""Maldicion..."""
DamageMiddle#75,"""Puaj..."""
DamageLarge#75,"""Ja ja..."""
Trap#75,"""Caer en una trampa... no lo se..."""
ThankTrapRescue#75,"""すまない……<br>恥ずかしくて死にそうだ……"""
TrapRescueOther#75,"""今回は助けてやるが<br>罠くらい見抜けなくてどうする"""
MemberDamaged#75,"""¡Da un paso atras por ahora!"""
MemberDead#75,"""くっ……<br>戦況を見誤った私の責任だ……"""
AbilityExe#75,"""¡Aun puedes ir!"""
AbilitySpecial#75,"""El verdadero valor de un contratista de guerra... ¡mostremosles!"""
Resurrect#75,"""¿Todavia me estas diciendo que pelee...?"""
PartyJoin#84,"""/ci1 1 仕事か。<br>さて、敵は何百だ？\u3000何千だ？"""
Marvelous#75,"""Contigo, puedo dejarte la espalda."""
IncidentJsApcBegin#78,"""/ci1 3 フッ、戦場で会うとは私たちらしい……<br>ここは共闘といこうじゃないか。<br>リーダーがいれば速攻で片づきそうだ"""
IncidentJsApcFailure#74,"""ここまで、か……<br>私としたことが……"""
IncidentJsApcSuccess#78,"""/ci2 1 ありがとう、リーダー。<br>ふふっ、出会えた幸運に感謝するぞ"""
IncidentJsApcBeginEvo#76,"""/ci1 2 おっと、作戦続行か……<br>引き続き頼むぞ、リーダー！"""
EnemyWeak#76,"""¡Estas aqui!"""
EnemyLarge#76,"""¡No te preocupes!"""
EnemyBoss#76,"""¡Hare lo mejor que pueda! !"""
EnemyRare#76,"""レア種ですよ！<br>いい修行になりそうですね！！"""
EnemyBoost#76,"""わわっ！<br>手強い気配をビンビン感じます！"""
DestroyEnemy1#76,"""¡Lo hice! !"""
DestroyEnemy2#76,"""¡Puedo permitirmelo!"""
DestroyEnemy3#73,"""Ante mi espada… ¡no hay enemigo! !"""
CondFreeze#76,"""ふ、フリーズしちゃいました……<br>あの、見てないで助けてもらえると……"""
CondBurn#76,"""あちっ！\u3000あちっ！！<br>服が燃えるーっ！！"""
CondShock#76,"""くぅぅぅぅ……！<br>この痺れに耐えるのも、修行です……！"""
CondPoison#76,"""ど、毒を食らい続ければ<br>耐性がつくから……<br>って、やっぱり無理ぃぃぃぃっ！"""
CondPanic#76,"""え、エネミーはどっちに……<br>ぐるぐるしますぅ～……"""
CondStan#76,"""nueve……"""
CondMirage#76,"""あ、当たらない……<br>修行不足で申し訳ありません！"""
Die#76,"""En un lugar como este... me arrepiento..."""
ThankHeal#76,"""あー、痛かったぁぁ……<br>おかげで助かりました"""
ThankBuff#76,"""Cuidate, estoy sufriendo"""
ThankCure#76,"""¡Guau, estoy curado!"""
DefeatEnemy#76,"""Es seguro ahora"""
LevelUp#76,"""¡Oh! \u3000¡Levantaste los brazos!"""
InvokeSkill1#73,"""¡Estar listo!"""
InvokeSkill2#71,"""風のように速く！<br>岩のように重く！"""
InvokeSkill3#69,"""¡Hombres, cuerpo, manos, empuje!"""
PBFull#74,"""...Ha llegado la oportunidad"""
PBRelease#76,"""¡Mira mis habilidades con la espada!"""
Avoid#76,"""¡Que!"""
HealSelf#76,"""sanare y regresare pronto"""
BuffSelf#76,"""¡Lo subire...!"""
HealOther#76,"""No es bueno si dejas tu lesion en paz."""
BuffOther#76,"""¡Hagamos lo mejor que podamos juntos!"""
QuestStart1#76,"""足手まといにはならないよう<br>がんばります！"""
QuestEnd1#76,"""我が剣に斬れぬもの無し！<br>……に、なる予定です！"""
IncidentStart#76,"""緊急事態でしょうか……<br>カザミノタチ、いつでも応じられます"""
IncidentSuccess#76,"""対処できてよかったです！<br>実はちょっと不安でした……えへへ"""
IncidentFailure#76,"""す、すみません！！<br>私が至らないばかりに……"""
PSE#76,"""¡PSE ya esta aqui!"""
PSELevelUp#76,"""ＰＳＥ！\u3000ＰＳＥ！"""
PSEBurst#76,"""/toge 好機到来！！<br>ＰＳＥバーストです！"""
HP30#76,"""Uh... necesito recuperarme pronto..."""
HP10#76,"""¿Podras soportar un golpe mas...?"""
ItemRare#76,"""レアが出ると<br>夢が膨らんじゃいますね！"""
DamageSmall#76,"""¡Mar maldita!"""
DamageMiddle#76,"""¡Alli estaba!"""
DamageLarge#76,"""¡Hurra! !"""
Trap#76,"""罠に捕まるなんて……<br>まだまだ、未熟者ですね……"""
ThankTrapRescue#76,"""Es vergonzoso..."""
TrapRescueOther#76,"""¿Estas herido?"""
MemberDamaged#76,"""¡Ponte detras de mi!"""
MemberDead#76,"""No llegue a tiempo..."""
AbilityExe#76,"""¡Estoy en muy buena forma! !"""
AbilitySpecial#76,"""Kazaminotachi... ¡Estoy aqui!"""
Resurrect#76,"""¡Es el partido de remontada de un perdedor! !"""
PartyJoin#85,"""/ci1 1 Aunque todavia estoy entrenando, hare lo mejor que pueda."""
Marvelous#76,"""さすがです！！<br>参考にさせていただきます！！"""
IncidentJsApcBegin#79,"""/ci1 2 お恥ずかしながら<br>少々手こずっていまして……<br>師匠、助太刀をお願いします！"""
IncidentJsApcFailure#75,"""深追いは危険ですね……<br>仕方ありません"""
IncidentJsApcSuccess#79,"""/ci2 1 さすがは師匠です！！<br>これからも頼りにさせてください！"""
IncidentJsApcBeginEvo#77,"""/ci1 3 任務変更ですか？<br>わかりました、お任せください！"""
EnemyWeak#77,"""¡Dejamelo a mi!"""
EnemyLarge#77,"""¡No bajes la guardia!"""
EnemyBoss#77,"""¡Es mi turno!"""
EnemyRare#77,"""Estas en apuros, ¡esta es tu oportunidad!"""
EnemyBoost#77,"""ああ……<br>侵食されちゃってるね……"""
DestroyEnemy1#77,"""¿Que tipo de cosa es?"""
DestroyEnemy2#77,"""¡Lo siento!"""
DestroyEnemy3#74,"""¡Es un castigo para los niйos malos!"""
CondFreeze#77,"""あはは！<br>ボク、カッチコチだ！"""
CondBurn#77,"""闘志の炎が燃え上がる！<br>ってやっぱウソ！\u3000熱痛い！！"""
CondShock#77,"""ふ、ふざけてるわけじゃないよ！<br>ショック状態なんだってば！"""
CondPoison#77,"""ぼ、ボクが毒味しておいたから……<br>うぅ……しびれる……"""
CondPanic#77,"""回る～回る～よ～<br>宇宙が回る～……はわわぁ"""
CondStan#77,"""Piyopiyo... Piyopiyo..."""
CondMirage#77,"""当たらなくても<br>気合で当てるっ！！"""
Die#77,"""い、いやだ……<br>こ、こんなところで……"""
ThankHeal#77,"""ありがとう！！<br>これでまだまだ戦えるっ！"""
ThankBuff#77,"""¡Poder total! !"""
ThankCure#77,"""Uf... ¡eso ayudo!"""
DefeatEnemy#77,"""もう危険はないみたいだね！<br>さぁ、次に行くよ！"""
LevelUp#77,"""おおっ！！\u3000<br>さすがは、ボクが見込んだアークスだ！！"""
InvokeSkill1#74,"""¡Vamos! \u3000¡Es un movimiento especial! !"""
InvokeSkill2#72,"""スペシャルな必殺技だよ！<br>くらえっ！！"""
InvokeSkill3#70,"""¡Termina! !"""
PBFull#75,"""¡La carga esta completa!"""
PBRelease#77,"""Este es mi... ¡poder! !"""
Avoid#77,"""¡Oye!"""
HealSelf#77,"""ごっくんっ！<br>ごちそうさまでした！！"""
BuffSelf#77,"""¡Enciende! !"""
HealOther#77,"""いたいのいたいの<br>とんでけーっ！！"""
BuffOther#77,"""¡Muestrame todo tu poder!"""
QuestStart1#77,"""さぁ、行こう！<br>ボクたちを必要としている<br>ヒトのためにっ！！"""
QuestEnd1#77,"""ボクたちの戦いは<br>はじまったばかりだ！"""
IncidentStart#77,"""¡Escucho un grito de ayuda! !"""
IncidentSuccess#77,"""えへへっ！<br>力になれてよかった！"""
IncidentFailure#77,"""ドンマイ！\u3000ドンマイ！！<br>失敗は成功のもとさ！"""
PSE#77,"""¡Este es el comienzo del PSE!"""
PSELevelUp#77,"""¡PSE esta de nuestro lado!"""
PSEBurst#77,"""/toge きたきたきたぁ！！<br>畳みかけるよ！"""
HP30#77,"""¡Es tan aburrido!"""
HP10#77,"""Para ser honesto, ¡estoy en apuros!"""
ItemRare#77,"""がんばったご褒美だね！！<br>う、うらやましくなんてないよ！"""
DamageSmall#77,"""¡Alli estaba! !"""
DamageMiddle#77,"""Funciono..."""
DamageLarge#77,"""¡Estoy emocionado! !"""
Trap#77,"""なんて卑怯なマネを！！<br>わなわなわな……"""
ThankTrapRescue#77,"""ふーっ、焦ったよ……<br>ありがとう！"""
TrapRescueOther#77,"""卑怯な手段で<br>キミを奪わせたりしない！"""
MemberDamaged#77,"""ボクがキミの盾になる！！<br>さぁ、さがって！"""
MemberDead#77,"""キミの犠牲を<br>無駄にはしない……っ！"""
AbilityExe#77,"""/toge ¡Mi corazon esta lleno de pasion! !"""
AbilitySpecial#77,"""¡La esperanza del universo esta aqui! !"""
Resurrect#77,"""希望の戦士オプトレイオン<br>ふっかーつっ！"""
PartyJoin#86,"""/ci1 2 準備できてるよ！<br>さぁ、人助けだ！！"""
Marvelous#77,"""やるねっ！<br>ボクも負けちゃいられないな！！"""
IncidentJsApcBegin#80,"""/ci2 3 やぁ、リーダー！<br>ボクと一緒に希望を守ろう！！<br>もちろん手伝ってくれるよねっ！"""
IncidentJsApcFailure#76,"""仕方ないね……<br>いのち大事に！！"""
IncidentJsApcSuccess#80,"""/ci2 1 リーダーのおかげで希望を守れたよ！<br>ありがとう！\u3000次回もよろしくね！"""
IncidentJsApcBeginEvo#78,"""/ci3 4 新たなピンチだ……<br>だが、ボクたちは負けないっ！！"""
EnemyWeak#78,"""¿Hay alguien aqui que quiera pelear?"""
EnemyLarge#78,"""¡No te dejes abrumar por la apariencia!"""
EnemyBoss#78,"""¡Puedes sentir el espiritu de lucha desbordante!"""
EnemyRare#78,"""¿Tambien buscais destruccion?"""
EnemyBoost#78,"""¡Satisfagamos al resto! !"""
DestroyEnemy1#78,"""¡No es suficiente para destruir!"""
DestroyEnemy2#78,"""¡Aplastalo! !"""
DestroyEnemy3#75,"""¡tia! \u3000¡Tia no! !"""
CondFreeze#78,"""動きを止めたとて<br>余の衝動は収まらぬ！！"""
CondBurn#78,"""余を内側から破壊するつもりか。<br>……面白い！！"""
CondShock#78,"""/toge ぬぉぉぉぉ！！<br>この鬱陶しさは耐えがたい！"""
CondPoison#78,"""毒など使わず<br>正面から挑むがよい！"""
CondPanic#78,"""No se que este pasando..."""
CondStan#78,"""ぬぅ……余を止めるには<br>有効な手段、だな……"""
CondMirage#78,"""¿Por que no se puede destruir? !"""
Die#78,"""ここまでか……<br>いい戦いであった……"""
ThankHeal#78,"""¡Di gracias!"""
ThankBuff#78,"""¡Lleno de espiritu de lucha! !"""
ThankCure#78,"""Finalmente puedo pelear apropiadamente"""
DefeatEnemy#78,"""¿Estas satisfecho con este nivel? !"""
LevelUp#78,"""そうだ、それこそが闘争！\u3000<br>戦うことを忘れた愚者にはなるな！！"""
InvokeSkill1#75,"""¡Sera destruido! !"""
InvokeSkill2#73,"""¡Aguantemos! !"""
InvokeSkill3#71,"""¡Aun no ha terminado!"""
PBFull#76,"""¡Ooooooooooooooooooo!"""
PBRelease#78,"""¡Estupido...! !"""
Avoid#78,"""¡Mmm!"""
HealSelf#78,"""¡No puedo arrodillarme todavia!"""
BuffSelf#78,"""/toge ¡Guau! !"""
HealOther#78,"""¡Levantate y lucha!"""
BuffOther#78,"""¡Es una lucha! \u3000 mas! !"""
QuestStart1#78,"""さあ始めるぞ！<br>恐れ、慄くがいい！！"""
QuestEnd1#78,"""fue una buena pelea"""
IncidentStart#78,"""Si es una batalla, vamonos"""
IncidentSuccess#78,"""Mmmm, eso es brillante"""
IncidentFailure#78,"""No tengo tiempo para mirar atras al pasado"""
PSE#78,"""闘争心が掻き立てられる……<br>ＰＳＥが発生したか！"""
PSELevelUp#78,"""ＰＳＥによって<br>余の衝動も荒ぶっておるぞ！！"""
PSEBurst#78,"""/toge ウオォォォォォ！！<br>壊せ壊せ、壊すのだ！！"""
HP30#78,"""¿Tu movimiento se ha ralentizado...?"""
HP10#78,"""¡Solo lucha hasta que caigas! !"""
ItemRare#78,"""アイテムに興味はない。<br>全部もってゆけい！"""
DamageSmall#78,"""Bien..."""
DamageMiddle#78,"""Jeje..."""
DamageLarge#78,"""¡No lo hagas! !"""
Trap#78,"""これしきで余を止められると……<br>ぐぬぅぅっ！！"""
ThankTrapRescue#78,"""¡Pagare esta deuda con lucha!"""
TrapRescueOther#78,"""no me molestes"""
MemberDamaged#78,"""¡Ser paciente! !"""
MemberDead#78,"""tu batalla ha terminado"""
AbilityExe#78,"""¡El poder aumenta...!"""
AbilitySpecial#78,"""余の力……<br>あますことなく受けてみよ！！"""
Resurrect#78,"""滾るっ！！<br>この衝動のままに、戦い続けるのみ！"""
PartyJoin#87,"""/ci1 2 よかろう。<br>余の破壊に打ち震えるがいい"""
Marvelous#78,"""見事！<br>その武勇、称賛に値する！！"""
IncidentJsApcBegin#81,"""/ci1 4 余の戦いに参入しようとする輩は<br>エネミー共々斬り捨てるところだが……<br>リーダーならば……共に来られい！"""
IncidentJsApcFailure#77,"""¡Imposible! !"""
IncidentJsApcSuccess#81,"""/ci2 2 我が目に狂いなし<br>良き闘争であった！<br>あーっはっはっ！"""
IncidentJsApcBeginEvo#79,"""/ci3 1 ¡Continua la batalla... como desees! !"""
EnemyWeak#79,"""Lo siento pero no me lo puedo perder..."""
EnemyLarge#79,"""あれだけの標的だ。<br>目をつぶっていても攻撃が当たる"""
EnemyBoss#79,"""Es un enemigo fuerte, ten cuidado."""
EnemyRare#79,"""Me siento mal por pegarte, pero..."""
EnemyBoost#79,"""es una misericordia"""
DestroyEnemy1#79,"""lo siento"""
DestroyEnemy2#79,"""dormir en paz"""
DestroyEnemy3#76,"""Si quieres odiarme, odiame"""
CondFreeze#79,"""これは罰……<br>おそらく、八寒の責め苦……"""
CondBurn#79,"""これは罰……<br>おそらく、焦熱の責め苦……"""
CondShock#79,"""これは罰……<br>おそらく、等活の責め苦……"""
CondPoison#79,"""Veneno... esto debe ser odio hacia mi..."""
CondPanic#79,"""これは罰……<br>おそらく、叫喚の責め苦……"""
CondStan#79,"""これは罰……<br>おそらく、黒縄の責め苦……"""
CondMirage#79,"""これは罰……<br>おそらく、闇冥の責め苦……"""
Die#79,"""¿Esto es una compensacion por lo que hice...?"""
ThankHeal#79,"""俺には過ぎたる施しだ。<br>だが……感謝する"""
ThankBuff#79,"""貴様の期待は裏切らない。<br>俺の剣の腕だけは信用していい"""
ThankCure#79,"""Como un angel benevolo..."""
DefeatEnemy#79,"""エネミーを一掃しただけでは<br>俺の罪は償いきれない……"""
LevelUp#79,"""貴様ならば……<br>俺を理解してくれるかもしれん……"""
InvokeSkill1#76,"""¡Destruyelo!"""
InvokeSkill2#74,"""¡Arrepentirse!"""
InvokeSkill3#72,"""¡La espada de la condenacion escondida en mi alma! !"""
PBFull#77,"""Ahora es el momento de dejarlo ir"""
PBRelease#79,"""¡Rogar por tu vida es inutil! !"""
Avoid#79,"""¡evitar!"""
HealSelf#79,"""罪を償いきるまで<br>俺は戦い続けねばならない"""
BuffSelf#79,"""Debe utilizar medios eficaces."""
HealOther#79,"""se fuerte"""
BuffOther#79,"""No te preocupes, esto es parte de la expiacion."""
QuestStart1#79,"""Esta es mi expiacion, una batalla de purificacion..."""
QuestEnd1#79,"""Me pregunto si al menos podria hacer las paces..."""
IncidentStart#79,"""緊急事態か？<br>応じぬ理由はないな"""
IncidentSuccess#79,"""Empezando por cosas pequeйas, de forma constante."""
IncidentFailure#79,"""Un fracaso..."""
PSE#79,"""es pse"""
PSELevelUp#79,"""PSE subio"""
PSEBurst#79,"""/toge ＰＳＥバースト……！<br>攻めていくぞ！"""
HP30#79,"""贖罪のためだ。<br>身を削ることは厭わない"""
HP10#79,"""Desde el principio, estuve dispuesto a sacrificar mi vida..."""
ItemRare#79,"""徳を積むほど運に恵まれるらしい。<br>貴様の功績だ、誇るといい"""
DamageSmall#79,"""Grr..."""
DamageMiddle#79,"""Tanto..."""
DamageLarge#79,"""Ja ja..."""
Trap#79,"""lo que esta sucediendo..."""
ThankTrapRescue#79,"""No lo entiendo muy bien pero me ayudo."""
TrapRescueOther#79,"""¿Estas bien?"""
MemberDamaged#79,"""¡Se ha ido!"""
MemberDead#79,"""Esta tambien es mi responsabilidad..."""
AbilityExe#79,"""¡Supera tus limites!"""
AbilitySpecial#79,"""/toge ¡Este es el peso de mi pecado! !"""
Resurrect#79,"""Todavia no... ¿Todavia me estas diciendo que pelee...?"""
PartyJoin#88,"""/ci1 1 もう一度……<br>戦う機会を与えてくれるのか"""
Marvelous#79,"""眩しい……<br>貴様の魂は……俺には眩しすぎる"""
IncidentJsApcBegin#82,"""/ci1 2 リーダー、討伐に協力してほしい。<br>このままでは被害が広がってしまう。<br>なんとしても止めたいのだ……"""
IncidentJsApcFailure#78,"""いたずらにリーダーまで巻き込んで<br>俺はなんて罪深い真似を……"""
IncidentJsApcSuccess#82,"""/ci2 1 討伐できてよかった。<br>リーダーのおかげだ、ありがとう"""
IncidentJsApcBeginEvo#80,"""/ci3 2 新手か……引き続き、助力を願う！<br>本当に、巻き込んですまない……"""
EnemyWeak#80,"""Voy a perder los estribos rapidamente"""
EnemyLarge#80,"""Ha llegado uno grande"""
EnemyBoss#80,"""Me parece una buena respuesta"""
EnemyRare#80,"""Es algo que no se ve muy a menudo."""
EnemyBoost#80,"""Es una persona problematica. No bajes la guardia"""
DestroyEnemy1#80,"""¡Sal de ahi!"""
DestroyEnemy2#80,"""¡Lo tengo!"""
DestroyEnemy3#77,"""¡Dejame hacerlo!"""
CondFreeze#80,"""¿Esta congelado...?"""
CondBurn#80,"""¡Con quemaduras asi...!"""
CondShock#80,"""Siento entumecimiento... mi cuerpo..."""
CondPoison#80,"""V-venenoso... es malo..."""
CondPanic#80,"""ここは……？<br>一体何が起きてるんだ！"""
CondStan#80,"""ここで足止めされるわけには<br>いかないんだ！"""
CondMirage#80,"""¡Si tan solo mis ojos estuvieran mareados...!"""
Die#80,"""Maldita sea, en un lugar como este..."""
ThankHeal#80,"""fue peligroso"""
ThankBuff#80,"""pedir ayuda"""
ThankCure#80,"""sereno salva"""
DefeatEnemy#80,"""Bueno, sigamos adelante y sigamos cazando."""
LevelUp#80,"""安全マージンは<br>しっかり取らなきゃな"""
InvokeSkill1#77,"""no huyas"""
InvokeSkill2#75,"""Lo terminare ahora mismo."""
InvokeSkill3#73,"""¡Que tal esto!"""
PBFull#78,"""Ya es hora de ponerse serio."""
PBRelease#80,"""/toge ¡No peleis! \u3000¡Gana!"""
Avoid#80,"""Hmph"""
HealSelf#80,"""no puedo dejar que suceda"""
BuffSelf#80,"""Asegurate de estar completamente preparado"""
HealOther#80,"""Recuperacion, no lo olvides"""
BuffOther#80,"""te apoyare"""
QuestStart1#80,"""mi brazo esta sonando"""
QuestEnd1#80,"""Uf. ¿Estan todos heridos?"""
IncidentStart#80,"""おっと。<br>ま、アクシデントはつきものだな"""
IncidentSuccess#80,"""よし、成功だ。<br>力になってくれて助かったよ"""
IncidentFailure#80,"""くそっ！<br>……もっと強くならなきゃな"""
PSE#80,"""Oh, tengo un beneficio."""
PSELevelUp#80,"""estoy lleno de fuerza"""
PSEBurst#80,"""Bien, ¡ahora podemos esforzarnos mas!"""
HP30#80,"""todavia puedo aguantar"""
HP10#80,"""Eso es malo..."""
ItemRare#80,"""Oh, ¿no es un objeto raro?"""
DamageSmall#80,"""mar maldito"""
DamageMiddle#80,"""¡Mar maldita!"""
DamageLarge#80,"""guaaah"""
Trap#80,"""¡Tsk! \u3000 ¡Una trampa! !"""
ThankTrapRescue#80,"""Vaya, eso fue util."""
TrapRescueOther#80,"""por favor tenga cuidado"""
MemberDamaged#80,"""¿Estas bien? \u3000¿Estas herido?"""
MemberDead#80,"""¡Regresar! \u3000¡Estoy aqui!"""
AbilityExe#80,"""Mi cuerpo es... ¡ligero!"""
AbilitySpecial#80,"""/toge ¡Atacaremos de inmediato!"""
Resurrect#80,"""Aun no... aun no ha terminado."""
PartyJoin#89,"""/ci1 1 Por favor cuidame un rato."""
Marvelous#80,"""¡Eso es impresionante!"""
IncidentJsApcBegin#83,"""/ci1 2 お、<%me>！<br>その腕を見込んで頼みがある。<br>助太刀を頼めるか？"""
IncidentJsApcFailure#79,"""このままじゃ不利だ……<br>一旦退こう！"""
IncidentJsApcSuccess#83,"""/ci2 1 よし、成功だ！<br>ありがとう、さすがだな。"""
IncidentJsApcBeginEvo#81,"""/ci3 4 Esta seйal... ¡sigue llegando!"""
EnemyWeak#81,"""Limpiemoslo rapido"""
EnemyLarge#81,"""Es grande, ten cuidado."""
EnemyBoss#81,"""Todos, ¿estan listos?"""
EnemyRare#81,"""Oh, ese es un enemigo raro."""
EnemyBoost#81,"""¡Estas siendo impulsado, ten cuidado!"""
DestroyEnemy1#81,"""¡Lo elimine!"""
DestroyEnemy2#81,"""¡A este nivel!"""
DestroyEnemy3#78,"""¡Oye! !"""
CondFreeze#81,"""Uf...hace frio"""
CondBurn#81,"""Oye, hace calor"""
CondShock#81,"""Mi cuerpo esta entumecido..."""
CondPoison#81,"""Necesito desintoxicarme rapido..."""
CondPanic#81,"""……キリトくん、どこなの！<br>お願い……一人にしないで！"""
CondStan#81,"""¡Muevete, cuerpo mio!"""
CondMirage#81,"""Incluso si me quitan la vision... ¡luchare!"""
Die#81,"""...Baje la guardia."""
ThankHeal#81,"""¡Gracias, eso ayuda!"""
ThankBuff#81,"""El momento es perfecto"""
ThankCure#81,"""Uf, ahora mi cuerpo es libre..."""
DefeatEnemy#81,"""apuremonos"""
LevelUp#81,"""¡Lo hiciste!"""
InvokeSkill1#78,"""¡No te pierdas!"""
InvokeSkill2#76,"""¿Podras escapar?"""
InvokeSkill3#74,"""¡Basta!"""
PBFull#79,"""¡Ahora asumimos el desafio!"""
PBRelease#81,"""¿Que puedo hacer ahora?"""
Avoid#81,"""¡No te dejare!"""
HealSelf#81,"""La recuperacion tambien es importante."""
BuffSelf#81,"""No olvides fortalecer"""
HealOther#81,"""Esta bien ahora"""
BuffOther#81,"""¡Yo te ayudare!"""
QuestStart1#81,"""¡Dejamelo a mi!"""
QuestEnd1#81,"""Muy bien, ¡la estrategia esta completa!"""
IncidentStart#81,"""¡Algo viene...! \u3000¡Listo!"""
IncidentSuccess#81,"""¡Parece que salio bien!"""
IncidentFailure#81,"""Lo siento, pero no te preocupes por eso."""
PSE#81,"""¡Guau, mis fuerzas estan fluyendo...!"""
PSELevelUp#81,"""¡Se esta volviendo aun mas poderoso!"""
PSEBurst#81,"""¡Si, esto es perfecto!"""
HP30#81,"""todavia puedo ir..."""
HP10#81,"""¿Es algo que puedes hacer?"""
ItemRare#81,"""¡Genial, felicidades!"""
DamageSmall#81,"""Puaj"""
DamageMiddle#81,"""contendiente"""
DamageLarge#81,"""¡Hurra!"""
Trap#81,"""¡Se ha ido! \u3000¡Es una trampa!"""
ThankTrapRescue#81,"""Uf...gracias por tu ayuda."""
TrapRescueOther#81,"""Ahora, cuida tus pasos."""
MemberDamaged#81,"""¡No te excedas!"""
MemberDead#81,"""¡Dejame el resto a mi! \u3000"""
AbilityExe#81,"""El flujo ha cambiado para mejor."""
AbilitySpecial#81,"""/toge ¡Sigue adelante con este impulso!"""
Resurrect#81,"""¡Tengo que esforzarme mas!"""
PartyJoin#90,"""/ci1 2 ¡Estoy deseando completar la mision!"""
Marvelous#81,"""¡Lo liebre!"""
IncidentJsApcBegin#84,"""/ci1 1 いいところに！<br>巻き込んじゃうのは申し訳ないけど<br>よかったら、手伝ってもらえる？"""
IncidentJsApcFailure#80,"""役に立たなくて、ごめんなさい……<br>もっと腕を上げなきゃ。"""
IncidentJsApcSuccess#84,"""/ci2 1 これで一件落着だね。<br>協力してくれて心強かったわ。<br>ありがとう。"""
IncidentJsApcBeginEvo#82,"""/ci3 4 Aun no ha terminado... ¡ya viene!"""
EnemyWeak#82,"""estupido"""
EnemyLarge#82,"""Esto es... grande"""
EnemyBoss#82,"""招かれざる客だ<br>丁重にお帰り頂こう"""
EnemyRare#82,"""Es un enemigo que no ves muy a menudo."""
EnemyBoost#82,"""¿Vas a resistir?"""
DestroyEnemy1#82,"""¿Desaparecio?"""
DestroyEnemy2#82,"""dispersion"""
DestroyEnemy3#79,"""Convertir en polvo"""
CondFreeze#82,"""Hace frio"""
CondBurn#82,"""Hace calor"""
CondShock#82,"""estoy entumecido"""
CondPoison#82,"""Me siento un poco mal."""
CondPanic#82,"""八坂火継。鷲宮氷莉。アル。その姿は？<br>なぜ三人で空を飛んで……待ってくれ！<br>私も連れて行ってく……はっ、幻覚か"""
CondStan#82,"""Oh, para detenerme..."""
CondMirage#82,"""Uf... este afectado mi vision."""
Die#82,"""Quiero que me perdones por mi inutilidad."""
ThankHeal#82,"""agradecer"""
ThankBuff#82,"""Cumplamos las expectativas"""
ThankCure#82,"""持ち直したようだ。<br>すまない"""
DefeatEnemy#82,"""El enemigo fue aniquilado. sigamos adelante"""
LevelUp#82,"""No te quedes atras"""
InvokeSkill1#79,"""Es inutil"""
InvokeSkill2#77,"""detener"""
InvokeSkill3#75,"""Desaparecer"""
TechFire#36,"""Danza, fuego del infierno"""
TechIce#37,"""Hoja congelada"""
TechThunder#39,"""¡Corta la electricidad!"""
TechWind#36,"""¡Corre, viento!"""
TechLight#40,"""Luz que todo lo aniquila"""
TechDark#38,"""La oscuridad que reduce todo a la nada."""
PBFull#80,"""Es demasiado tarde para arrepentirse"""
PBRelease#82,"""mirad"""
Avoid#82,"""no puedes tocarme"""
HealSelf#82,"""Una herida de esta magnitud sanara rapidamente."""
BuffSelf#82,"""estoy"""
HealOther#82,"""no te preocupes por eso"""
BuffOther#82,"""parece"""
QuestStart1#82,"""Empecemos"""
QuestEnd1#82,"""¿Es este el final?"""
IncidentStart#82,"""me siento inquieto"""
IncidentSuccess#82,"""Lo lograste."""
IncidentFailure#82,"""preparar"""
PSE#82,"""これは、エーテル……？<br>いや、フォトンのざわめきか"""
PSELevelUp#82,"""La voz de Photon se hizo mas fuerte."""
PSEBurst#82,"""¿Finalmente has venido?"""
HP30#82,"""¿Bajaste la guardia?"""
HP10#82,"""Para empujarme hasta aqui"""
ItemRare#82,"""eso estuvo bien"""
DamageSmall#82,"""que……"""
DamageMiddle#82,"""¡Puaj...!"""
DamageLarge#82,"""Esta mas alla de mis expectativas..."""
Trap#82,"""Una trampa tan simple..."""
ThankTrapRescue#82,"""digamos gracias"""
TrapRescueOther#82,"""es bueno ser educado"""
MemberDamaged#82,"""No hay mares imprudentes"""
MemberDead#82,"""descansa un poco"""
AbilityExe#82,"""va muy bien"""
AbilitySpecial#82,"""bajare la mano"""
Resurrect#82,"""todavia tengo algo que hacer"""
PartyJoin#91,"""/ci1 1 Vamos, vamos...a rematarlo..."""
Marvelous#82,"""es impresionante"""
IncidentJsApcBegin#85,"""/ci1 2 ああ、君か。<br>現状に、手を焼いている。<br>共に戦ってくれないか？"""
IncidentJsApcFailure#81,"""まさかここまでとはな……<br>撤退する。"""
IncidentJsApcSuccess#85,"""/ci2 1 あの敵を退けるとは見事だ。<br>君の助力に、感謝する。"""
IncidentJsApcBeginEvo#83,"""/ci3 3 Mas por venir. No bajes la guardia."""
EnemyWeak#83,"""no hay ganancias"""
EnemyLarge#83,"""lo aplastare"""
EnemyBoss#83,"""¿Quieres molestarme?"""
EnemyRare#83,"""Parece una especie que no se ve muy a menudo."""
EnemyBoost#83,"""Parece que sera un poco divertido."""
DestroyEnemy1#83,"""vete a dormir"""
DestroyEnemy2#83,"""Es fugaz, ¿no?"""
DestroyEnemy3#80,"""bronceado sencillo"""
CondFreeze#83,"""Maldita sea... estoy siendo atado."""
CondBurn#83,"""No hay necesidad de preocuparse por este nivel de llamas."""
CondShock#83,"""¿Estas tratando de disminuir mi poder?"""
CondPoison#83,"""El veneno que actua conmigo es sorprendente."""
CondPanic#83,"""ミトラ！\u3000なぜクリスマスケーキを<br>四等分にしたのです！\u3000ヴァルナも義を<br>示して私に二切れ……はっ、私は何を？"""
CondStan#83,"""Me siento mareado"""
CondMirage#83,"""¿Es una alucinacion?"""
Die#83,"""Una situacion como esta no deberia pasar..."""
ThankHeal#83,"""siento tu lealtad"""
ThankBuff#83,"""Echemos un vistazo a mi poder."""
ThankCure#83,"""gracias por su ayuda"""
DefeatEnemy#83,"""Esta tranquilo ahora"""
LevelUp#83,"""Parece que hay algo que ver"""
InvokeSkill1#80,"""¿Esta ahi?"""
InvokeSkill2#78,"""Tranquilizarse"""
InvokeSkill3#76,"""desaparecer"""
TechFire#37,"""¡Fuego, bebe!"""
TechIce#38,"""Hielo, rompelo"""
TechThunder#40,"""Trueno, penetra"""
TechWind#37,"""viento, tallar"""
TechLight#41,"""Luz, destruyela."""
TechDark#39,"""¡Oscuridad, hundete!"""
PBFull#81,"""いいでしょう<br>こちらにも考えがあります"""
PBRelease#83,"""seamos un poco serios"""
Avoid#83,"""es dulce"""
HealSelf#83,"""Ningun problema"""
BuffSelf#83,"""tengamos cuidado"""
HealOther#83,"""Aguantaste bien."""
BuffOther#83,"""autorizar"""
QuestStart1#83,"""Bueno, terminemos esto. todo"""
QuestEnd1#83,"""No hay artificialidad."""
IncidentStart#83,"""Parece que esta empezando"""
IncidentSuccess#83,"""Ese es un resultado natural."""
IncidentFailure#83,"""¿Has bajado la guardia?"""
PSE#83,"""Los fotones se balancearon"""
PSELevelUp#83,"""senti una fuerte vibracion"""
PSEBurst#83,"""No esperaba que Photon estuviera tan emocionado."""
HP30#83,"""Es mas de lo que esperaba"""
HP10#83,"""Aunque es polvo, es inteligente..."""
ItemRare#83,"""Es algo valioso, ¿no?"""
DamageSmall#83,"""ley"""
DamageMiddle#83,"""Puaj..."""
DamageLarge#83,"""...Se esta poniendo interesante."""
Trap#83,"""¿Estas planeando capturarlo?"""
ThankTrapRescue#83,"""agradecer"""
TrapRescueOther#83,"""sin prestes atencion"""
MemberDamaged#83,"""No importa si baja"""
MemberDead#83,"""descansa bien"""
AbilityExe#83,"""es emocionante"""
AbilitySpecial#83,"""invadir"""
Resurrect#83,"""Asi que vamonos de nuevo"""
PartyJoin#92,"""/ci1 1 Vale, me estaba aburriendo."""
Marvelous#83,"""Ese es un gran trabajo"""
IncidentJsApcBegin#86,"""/ci1 2 おや、奇遇ですね。<br>よかったら、貴方も一緒に<br>破壊を楽しみませんか？"""
IncidentJsApcFailure#82,"""残念ですが、やむを得ませんね。<br>ここは退きましょう。"""
IncidentJsApcSuccess#86,"""/ci2 1 敵はすべて潰しました。<br>これは貴方の助力あっての<br>結果です。感謝しますよ。"""
IncidentJsApcBeginEvo#84,"""/ci3 2 Parece que ha llegado un perseguidor."""
EnemyWeak#84,"""¿Estas bromeando?"""
EnemyLarge#84,"""Incluso si la cifra es grande,"""
EnemyBoss#84,"""Ya es hora de que me motivo, demostremoslo."""
EnemyRare#84,"""珍しい奴なの？<br>いいね、やっちゃおう！"""
EnemyBoost#84,"""Me puse rojo brillante"""
DestroyEnemy1#84,"""¿Que querias?"""
DestroyEnemy2#84,"""Es porque estas mirando hacia otro lado."""
DestroyEnemy3#81,"""feliz navidad"""
CondFreeze#84,"""No me gusta el frio."""
CondBurn#84,"""Ah, este calor es duro"""
CondShock#84,"""Eso me adormece, ¿verdad?"""
CondPoison#84,"""Uf, es venenoso."""
CondPanic#84,"""ひはは！\u3000センパイが<br>サンタの格好していっぱいいる！<br>悪い子のもとにも来るのかい？"""
CondStan#84,"""Vas a detenerme, ¿verdad?"""
CondMirage#84,"""なかなかいい景色を<br>見せてくれるね"""
Die#84,"""Joder, descarado..."""
ThankHeal#84,"""¿Esta bien? \u3000 Por favor ayudame"""
ThankBuff#84,"""No esperes demasiado"""
ThankCure#84,"""異常か正常かなんて<br>わかりゃしないだろうけど、サ"""
DefeatEnemy#84,"""あれ？\u3000もう居なくなっちゃったよ<br>次行こう、次"""
LevelUp#84,"""¿Estas diciendo que te vas a hacer mas fuerte?"""
InvokeSkill1#81,"""Aqui tienes"""
InvokeSkill2#79,"""Por favor levanta tu voz"""
InvokeSkill3#77,"""Senpai me dice que lo haga, asi que lo hago."""
TechFire#38,"""vamos a quedarnos"""
TechIce#39,"""Prueba la congelacion"""
TechThunder#41,"""Intenta recibir una descarga electrica."""
TechWind#38,"""No te dejes cortar por el viento"""
TechLight#42,"""no se evaporara"""
TechDark#40,"""No te dejes arrastrar a la oscuridad"""
PBFull#82,"""Puedes hacerlo, Senpai."""
PBRelease#84,"""¡Es tan feo que estas luchando tanto!"""
Avoid#84,"""es un desperdicio"""
HealSelf#84,"""no aceptare limosna"""
BuffSelf#84,"""Seria insoportable si lo hicieras."""
HealOther#84,"""Creo que seria bueno recibir un regalo de vez en cuando."""
BuffOther#84,"""Hagamos una fiesta elegante"""
QuestStart1#84,"""Bueno, supongo que yo tambien ire."""
QuestEnd1#84,"""¿Se acabo? \u3000No es suficiente"""
IncidentStart#84,"""se esta poniendo emocionante"""
IncidentSuccess#84,"""Realmente lo disfrute"""
IncidentFailure#84,"""言っとくけど、僕は手を<br>抜かなかったからね"""
PSE#84,"""jaja ya viene"""
PSELevelUp#84,"""hagamos mas"""
PSEBurst#84,"""ははは！\u3000これこそ<br>聖夜に相応しいよな！"""
HP30#84,"""必死になっちゃってさあ<br>ほんと邪魔だっての！"""
HP10#84,"""Senpai, ¿podemos irnos a casa ahora?"""
ItemRare#84,"""¡Parece que encontraste algo genial!"""
DamageSmall#84,"""Jajaja"""
DamageMiddle#84,"""... Tsk"""
DamageLarge#84,"""¡Tengo que hacer eso!"""
Trap#84,"""Las trampas son clasicas."""
ThankTrapRescue#84,"""Pude salir por mi cuenta, pero..."""
TrapRescueOther#84,"""no hay yeguas desagradecidas"""
MemberDamaged#84,"""Te lo acabas de comer, ¿verdad? \u3000Oye, ¿te dolio?"""
MemberDead#84,"""Espera hasta que me hagas mas feliz"""
AbilityExe#84,"""Estoy muy emocionado, yo"""
AbilitySpecial#84,"""Mirame, Senpai."""
Resurrect#84,"""Divirtamonos un poco mas"""
PartyJoin#93,"""/ci1 2 ¿Echamos un vistazo a tus preparativos, Senpai?"""
Marvelous#84,"""No lo hagas, Senpai."""
IncidentJsApcBegin#87,"""/ci1 3 おっと、センパイじゃないの。<br>丁度いま、パーティーしててサ。<br>センパイも参加してくれるよね？"""
IncidentJsApcFailure#83,"""あっ……急用が出来たから帰るよ。<br>じゃあね、センパイ。"""
IncidentJsApcSuccess#87,"""/ci2 1 終わった終わった、さすがセンパイだ。<br>またいつか頼むからよろしく、ね。"""
IncidentJsApcBeginEvo#85,"""/ci3 2 まだ来るの？<br>クリスマスプレゼントってことかな？"""
EnemyWeak#85,"""¡A este nivel!"""
EnemyLarge#85,"""No bajare la guardia"""
EnemyBoss#85,"""Preparemonos"""
EnemyRare#85,"""¿Eh, es algo raro?"""
EnemyBoost#85,"""Este tipo parece duro"""
DestroyEnemy1#85,"""¡Bueno!"""
DestroyEnemy2#85,"""Bueno entonces"""
DestroyEnemy3#82,"""¿Quien es el siguiente?"""
CondFreeze#85,"""Vaya, ¿congelado?"""
CondBurn#85,"""¡Aja, aja!"""
CondShock#85,"""Maldita sea, ¿es esto... una descarga electrica?"""
CondPoison#85,"""くそっ、毒か……<br>アンティドート持ってたかな"""
CondPanic#85,"""ま、まずい！\u3000依頼されてた<br>調査結果入りのデータディスクがない！<br>どこかに落とし……ああ、夢か。"""
CondStan#85,"""¡Muevete, muevete...!"""
CondMirage#85,"""Es malo, mi vision esta distorsionada."""
Die#85,"""ちくしょう……<br>くやしいな"""
ThankHeal#85,"""lo siento"""
ThankBuff#85,"""estoy agradecido"""
ThankCure#85,"""gracias. fui salvado"""
DefeatEnemy#85,"""Ya no sirve de nada aqui"""
LevelUp#85,"""Haces un gran trabajo, ¿no?"""
InvokeSkill1#82,"""¡Que tal esto!"""
InvokeSkill2#80,"""¡Ahi esta!"""
InvokeSkill3#78,"""¡Lo tengo!"""
TechFire#39,"""¡Ahi tienes!"""
TechIce#40,"""¡Ahi tienes!"""
TechThunder#42,"""¡Ahi tienes!"""
TechWind#39,"""¡Ahi tienes!"""
TechLight#43,"""¡Ahi tienes!"""
TechDark#41,"""¡Ahi tienes!"""
PBFull#83,"""/toge hare lo mejor que pueda para ir!"""
PBRelease#85,"""¡Dejamelo a mi!"""
Avoid#85,"""Union Postal Universal"""
HealSelf#85,"""vamos a recuperarnos"""
BuffSelf#85,"""necesito estar preparado"""
HealOther#85,"""No bajes la guardia"""
BuffOther#85,"""ayudemonos unos a otros"""
QuestStart1#85,"""あんたの背中を守れるよう<br>頑張るよ！"""
QuestEnd1#85,"""Uf, funciono de alguna manera."""
IncidentStart#85,"""¿Que?"""
IncidentSuccess#85,"""Vale, exito."""
IncidentFailure#85,"""Joder, todavia estoy muy lejos..."""
PSE#85,"""¿Eh? ¿Surgio un poder misterioso?"""
PSELevelUp#85,"""¡Mi poder esta aumentando!"""
PSEBurst#85,"""No puedes perder esta oportunidad"""
HP30#85,"""Es malo si se queda asi..."""
HP10#85,"""Todavia puedo soportarlo..."""
ItemRare#85,"""Buen hallazgo"""
DamageSmall#85,"""mar maldito"""
DamageMiddle#85,"""¡Este chico!"""
DamageLarge#85,"""Guhaaah"""
Trap#85,"""Soy tan patetico, ¡pero por favor ayudame!"""
ThankTrapRescue#85,"""Lo siento..."""
TrapRescueOther#85,"""¿Estas herido?"""
MemberDamaged#85,"""Por favor, retroceder"""
MemberDead#85,"""¡Toge me vengare de ti!"""
AbilityExe#85,"""Mi cuerpo es ligero..."""
AbilitySpecial#85,"""¡Me siento mejor!"""
Resurrect#85,"""...Lo lamento..."""
PartyJoin#94,"""/ci1 1 よろしくな。<br>助けになれるよう、頑張るよ"""
Marvelous#85,"""Eso es asombroso, tu"""
IncidentJsApcBegin#88,"""/ci1 2 いい所に！<br>ちょっと手こずってるんだ。<br>力を貸してくれないか？"""
IncidentJsApcFailure#84,"""うう……オレが未熟なばかりに。<br>すまない、撤退させてもらう。"""
IncidentJsApcSuccess#88,"""/ci2 1 一件落着だな！<br>あんたのおかげだよ。"""
IncidentJsApcBeginEvo#86,"""/ci3 3 この気配は……まだ来るようだ。<br>気をつけろよ。"""
EnemyWeak#86,"""niйo pequeйo"""
EnemyLarge#86,"""No seas mi oponente"""
EnemyBoss#86,"""Incluso yo comere tu alma"""
EnemyRare#86,"""Ah... no te lo pierdas"""
EnemyBoost#86,"""Kukukuku…"""
DestroyEnemy1#86,"""¡Jajajaja!"""
DestroyEnemy2#86,"""vamos"""
DestroyEnemy3#83,"""Zako es"""
CondFreeze#86,"""Koshaku"""
CondBurn#86,"""¿Que, que es este estado anormal?"""
CondShock#86,"""Maldita sea, descarga electrica... eso es asqueroso."""
CondPoison#86,"""バカな……<br>アンドロイドに毒は効かぬはず"""
CondPanic#86,"""クッ……あの男はパイオニア１で<br>屍となったはず……去れ！"""
CondStan#86,"""Inconsciencia..."""
CondMirage#86,"""クッ、命中率が……<br>ヘビーアタックでもないのに<br>攻撃が当たらんだと……！？"""
Die#86,"""クッ……任務の続行は……<br>不可能……か"""
ThankHeal#86,"""Esta gratitud la devolvere a traves del trabajo."""
ThankBuff#86,"""Kukukuku... mi poder aumenta"""
ThankCure#86,"""decir gracias"""
DefeatEnemy#86,"""Aqui no hay nada..."""
LevelUp#86,"""もっともっと、強くなれ。<br>お前には、見込みがある。<br>ククッ……"""
InvokeSkill1#83,"""¿Esta ahi?"""
InvokeSkill2#81,"""no tengo otros intereses"""
InvokeSkill3#79,"""Comelo"""
TechFire#40,"""Comelo"""
TechIce#41,"""Comelo"""
TechThunder#43,"""Comelo"""
TechWind#40,"""Comelo"""
TechLight#44,"""Comelo"""
TechDark#42,"""Comelo"""
PBFull#84,"""¡Jajaja, estoy lleno de poder!"""
PBRelease#86,"""Kukuku... ¡comencemos!"""
Avoid#86,"""¿Que pasa? \u3000¿El ataque impactara?"""
HealSelf#86,"""vamos a recuperarnos"""
BuffSelf#86,"""Preparate para disfrutar de la batalla."""
HealOther#86,"""ten cuidado"""
BuffOther#86,"""esto esta bien"""
QuestStart1#86,"""……この戦場の緊張感が<br>たまらんのだ……"""
QuestEnd1#86,"""Esto completa la solicitud."""
IncidentStart#86,"""Ya viene..."""
IncidentSuccess#86,"""ningun problema"""
IncidentFailure#86,"""…………"""
PSE#86,"""Este es un fenomeno que no se ve en Ragol."""
PSELevelUp#86,"""Bueno, este chico..."""
PSEBurst#86,"""/toge Kuhahaha! \u3000 ¡Bien!"""
HP30#86,"""¿Que pasa? ¿Es asi?"""
HP10#86,"""Kukuku, se esta poniendo interesante."""
ItemRare#86,"""Creo que te hara mas delicioso."""
DamageSmall#86,"""Tsk..."""
DamageMiddle#86,"""arrullo"""
DamageLarge#86,"""...¡Quaaah...!"""
Trap#86,"""アンドロイドのオレに<br>視えないトラップだと！？"""
ThankTrapRescue#86,"""agradecer"""
TrapRescueOther#86,"""Dejame las trampas a mi"""
MemberDamaged#86,"""背後には、なかなか<br>気が回らないものだ"""
MemberDead#86,"""一人の時は、頻繁に<br>視点を切り替えて<br>周りを確認しながら戦うことだ"""
AbilityExe#86,"""...Este sentimiento... Ja..."""
AbilitySpecial#86,"""Kukuku... miralo"""
Resurrect#86,"""クククク……<br>さあ、また暴れるとしよう"""
PartyJoin#95,"""/ci1 1 オレは戦うコトにしか<br>生きる意味を見いだせない……<br>せいぜい楽しませてくれ"""
Marvelous#86,"""asi es como es"""
IncidentJsApcBegin#89,"""/ci1 2 お前も依頼で来ているのか？<br>だが、コイツはオレの獲物だ。<br>譲るつもりはない。"""
IncidentJsApcFailure#85,"""ククク……<br>このオレがしくじるとは。"""
IncidentJsApcSuccess#89,"""/ci3 4 勝利は闘争本能を刺激する。<br>もっとだ、モット戦いヲ……"""
IncidentJsApcBeginEvo#87,"""/ci3 3 一つの群れを倒しても<br>隠れていた群れが<br>また出てくるときがある。"""
EnemyWeak#87,"""¡Vamos a hacerlo!"""
EnemyLarge#87,"""¡Es grande!"""
EnemyBoss#87,"""¡Me voy a poner serio!"""
EnemyRare#87,"""やったー！\u3000レア種だよ！<br>今日はラッキーかも！！"""
EnemyBoost#87,"""Bueno, ¡no perdere!"""
DestroyEnemy1#87,"""¡Ejeje! \u3000¡Lo lograste!"""
DestroyEnemy2#87,"""¡Todavia puedo ir!"""
DestroyEnemy3#84,"""Muy bien, ¡sigamos con esto!"""
CondFreeze#87,"""えー！\u3000何これ！？<br>ぜんぜん動けないよぉ！"""
CondBurn#87,"""あちちっ！\u3000あちっ！！<br>このままだと丸焼きになっちゃう！"""
CondShock#87,"""Me siento entumecido... hormigueo..."""
CondPoison#87,"""ううっ、なんか気持ち悪い。<br>これって……毒なの？"""
CondPanic#87,"""¡Que, que! \u3000¡Que es esto! ?"""
CondStan#87,"""¡Hagya! ?"""
CondMirage#87,"""¡Guau! \u3000¡No ganaras!"""
Die#87,"""Eso es... eh..."""
ThankHeal#87,"""¡Gracias! \u3000¡Eso fue util!"""
ThankBuff#87,"""¡Ejeje! \u3000 ¡Enciende!"""
ThankCure#87,"""¡Ah, creo que me siento mejor!"""
DefeatEnemy#87,"""ここはもう安全みたいだね。<br>そろそろ一休みする？"""
LevelUp#87,"""わぁ、強くなったんだね！<br>おめでとうっ！"""
InvokeSkill1#84,"""¡Ir!"""
InvokeSkill2#82,"""¡Eso es todo!"""
InvokeSkill3#80,"""¡Hurra!"""
PBFull#85,"""¡Puedo irme, completamente cargado!"""
PBRelease#87,"""/toge lo dare todo!"""
Avoid#87,"""¡Guau! ?"""
HealSelf#87,"""¡Me siento mejor!"""
BuffSelf#87,"""¡Se encendera!"""
HealOther#87,"""¡Dejelo en manos de Akhtar!"""
BuffOther#87,"""Esto es perfecto, ¿verdad?"""
QuestStart1#87,"""¡Eso es emocionante! \u3000¡Hagamos nuestro mejor esfuerzo!"""
QuestEnd1#87,"""やったね！<br>えへっ、うまくいったぁ！"""
IncidentStart#87,"""えっ、なになに？<br>緊急事態ってどういうこと！？"""
IncidentSuccess#87,"""Jeje, ¡parece que funciono!"""
IncidentFailure#87,"""¡Hagya! ? \u3000¿Es esto... un fracaso?"""
PSE#87,"""¡PSE ha comenzado!"""
PSELevelUp#87,"""¡PSE ha subido de nivel!"""
PSEBurst#87,"""¡Es la explosion del PSE!"""
HP30#87,"""Bueno, ¡sigue siendo un desastre!"""
HP10#87,"""Uf...tengo hambre y tengo fuerzas..."""
ItemRare#87,"""すごい！\u3000ラッキーだね！<br>他にも落ちていないかな？"""
DamageSmall#87,"""Kuu..."""
DamageMiddle#87,"""¡Hurra!"""
DamageLarge#87,"""¡Hurra!"""
Trap#87,"""¡Que es esto! ? \u3000¡Es terrible!"""
ThankTrapRescue#87,"""¡Gracias, fue util!"""
TrapRescueOther#87,"""¿Estas bien? \u3000¿No estas herido?"""
MemberDamaged#87,"""¡Esperar! \u3000¡Te ayudare ahora!"""
MemberDead#87,"""Entonces... ¿no llegaste a tiempo?"""
AbilityExe#87,"""Muy bien, ¡lo estas haciendo genial!"""
AbilitySpecial#87,"""¡Por favor acepta mi sinceridad!"""
Resurrect#87,"""ふっかーつ！<br>えへへ、もう大丈夫！"""
PartyJoin#96,"""/ci1 1 アフタル・アールアレフです！<br>よろしくお願いしまっす！"""
Marvelous#87,"""¡Impresionante!"""
IncidentJsApcBegin#90,"""/ci1 2 あのね、リーダー。<br>今ちょっと任務に苦戦してるの。<br>だから手伝ってくれないかな！"""
IncidentJsApcFailure#86,"""Lo siento, es posible que haya fallado."""
IncidentJsApcSuccess#90,"""/ci2 1 やったね、リーダー！<br>手伝ってくれてありがとう！"""
IncidentJsApcBeginEvo#88,"""/ci3 3 また来たよ、リーダー！<br>もうひとふんばりだね！"""
EnemyWeak#88,"""No bajes la guardia"""
EnemyLarge#88,"""¡Es grande, ten cuidado!"""
EnemyBoss#88,"""Es un enemigo formidable. ¡Trabajemos juntos para derrotarlo!"""
EnemyRare#88,"""レア種を発見した！<br>このまま包囲、殲滅する！"""
EnemyBoost#88,"""¿Esta siendo erosionado... lamentable?"""
DestroyEnemy1#88,"""¡Este es el poder de Darknyx!"""
DestroyEnemy2#88,"""¡No olvides buscar enemigos a tu alrededor!"""
DestroyEnemy3#85,"""Confirmar la derrota... ¿Es algo como esto?"""
CondFreeze#88,"""なっ、体が動かない……だと？<br>こんな無様な姿をさらすとは……"""
CondBurn#88,"""ボディの表面温度上昇……<br>くっ、冷却が追いつかない"""
CondShock#88,"""Este grado de entumecimiento... uf."""
CondPoison#88,"""まさかダークニクスの耐性を<br>上回る毒があるとは……"""
CondPanic#88,"""Lo siento, ¿es esto una alucinacion? ?"""
CondStan#88,"""¡Puaj! \u3000Control del cuerpo..."""
CondMirage#88,"""攻撃精度が低下しているのか？<br>くっ、やっかいな……"""
Die#88,"""Que... error garrafal..."""
ThankHeal#88,"""Suministro de fotografias completado...Gracias."""
ThankBuff#88,"""Esto me da fuerza..."""
ThankCure#88,"""Fui salvo. decir gracias"""
DefeatEnemy#88,"""El control esta completo. ¿Que sigue?"""
LevelUp#88,"""Es el resultado del entrenamiento."""
InvokeSkill1#85,"""¡Mar maldita!"""
InvokeSkill2#83,"""¡Exterminador!"""
InvokeSkill3#81,"""¡No te dejare escapar!"""
PBFull#86,"""¡Carga completa!"""
PBRelease#88,"""/toge ¡Mi golpe, grabalo en tu cuerpo!"""
Avoid#88,"""¡Mmm!"""
HealSelf#88,"""¡Suministro de energia de fotografias completo!"""
BuffSelf#88,"""estemos a salvo"""
HealOther#88,"""¡Mantente fuerte! \u3000¡La herida es superficial!"""
BuffOther#88,"""No hay necesidad de inclinarse. ¡Vamos!"""
QuestStart1#88,"""¡Vamos!"""
QuestEnd1#88,"""Por supuesto. Porque estamos tu y yo"""
IncidentStart#88,"""緊急事態ということか……わかった。<br>すぐに対応しよう"""
IncidentSuccess#88,"""Eh, ese es un resultado natural."""
IncidentFailure#88,"""Nunca espere que fallara... eso es un fracaso."""
PSE#88,"""¡Parece que ha ocurrido PSE!"""
PSELevelUp#88,"""¡Bien, el nivel de PSE ha aumentado!"""
PSEBurst#88,"""ＰＳＥバーストだ！<br>このまま押しこむぞ！"""
HP30#88,"""¡Aun no! \u3000¡Todavia puedo luchar!"""
HP10#88,"""Joder, a este paso..."""
ItemRare#88,"""それはレアアイテムか。<br>ふっ、運のいいヤツめ"""
DamageSmall#88,"""Arg"""
DamageMiddle#88,"""¡Puaj!"""
DamageLarge#88,"""¡Guau!"""
Trap#88,"""不覚！<br>この程度の罠にはまるとは！"""
ThankTrapRescue#88,"""Lo siento. Me causaste problemas"""
TrapRescueOther#88,"""Lleva mucho tiempo."""
MemberDamaged#88,"""¡Ten paciencia ahora! \u3000¡No pares!"""
MemberDead#88,"""くっ……<br>貴公の犠牲、無駄にはしない！"""
AbilityExe#88,"""¡Uf, mi cuerpo se siente ligero!"""
AbilitySpecial#88,"""/toge 見せてやろう！<br>ダークニクスの真の力を！"""
Resurrect#88,"""¡A este nivel! !"""
PartyJoin#97,"""/ci1 1 Si necesitas mi ayuda, te echare una mano."""
Marvelous#88,"""Vaya, eso es brillante"""
IncidentJsApcBegin#91,"""/ci1 3 ここは共闘したほうがよさそうだ。<br>背中は任せたぞ、リーダー！"""
IncidentJsApcFailure#87,"""これ以上は危険か。<br>もういい、離脱するぞ。"""
IncidentJsApcSuccess#91,"""/ci2 1 さすがだな、リーダー。<br>協力に感謝する。"""
IncidentJsApcBeginEvo#89,"""/ci3 4 増援がきたか……<br>このままいくぞ、リーダー！"""
